
-- phpMyAdmin SQL Dump
-- version 3.5.2.2
-- http://www.phpmyadmin.net
--
-- Host: localhost
-- Generation Time: Mar 07, 2014 at 08:02 PM
-- Server version: 5.1.69
-- PHP Version: 5.2.17

SET SQL_MODE="NO_AUTO_VALUE_ON_ZERO";
SET time_zone = "+00:00";


/*!40101 SET @OLD_CHARACTER_SET_CLIENT=@@CHARACTER_SET_CLIENT */;
/*!40101 SET @OLD_CHARACTER_SET_RESULTS=@@CHARACTER_SET_RESULTS */;
/*!40101 SET @OLD_COLLATION_CONNECTION=@@COLLATION_CONNECTION */;
/*!40101 SET NAMES utf8 */;

--
-- Database: `u247011366_phbdb`
--

-- --------------------------------------------------------

--
-- Table structure for table `ci_sessions`
--

CREATE TABLE IF NOT EXISTS `ci_sessions` (
  `session_id` varchar(40) NOT NULL DEFAULT '0',
  `ip_address` varchar(45) NOT NULL DEFAULT '0',
  `user_agent` varchar(120) NOT NULL,
  `last_activity` int(10) unsigned NOT NULL DEFAULT '0',
  `user_data` text NOT NULL,
  PRIMARY KEY (`session_id`),
  KEY `last_activity_idx` (`last_activity`)
) ENGINE=MyISAM DEFAULT CHARSET=latin1;

-- --------------------------------------------------------

--
-- Table structure for table `tbl_amenities`
--

CREATE TABLE IF NOT EXISTS `tbl_amenities` (
  `amenity_id` int(11) NOT NULL AUTO_INCREMENT,
  `code` text COLLATE utf8_unicode_ci NOT NULL,
  `description` text COLLATE utf8_unicode_ci NOT NULL,
  PRIMARY KEY (`amenity_id`)
) ENGINE=MyISAM  DEFAULT CHARSET=utf8 COLLATE=utf8_unicode_ci AUTO_INCREMENT=9 ;

--
-- Dumping data for table `tbl_amenities`
--

INSERT INTO `tbl_amenities` (`amenity_id`, `code`, `description`) VALUES
(1, 'Furnished', 'Furnished'),
(2, 'Pool', 'With Pool'),
(7, 'Gated', 'Gated'),
(6, 'Clubhouse', 'With Clubhouse'),
(3, 'Guards', 'With Guards'),
(4, 'Wifi', 'With Wifi Connection'),
(5, 'Gym', 'With Gym'),
(8, 'Female', 'Female Only');

-- --------------------------------------------------------

--
-- Table structure for table `tbl_barangays`
--

CREATE TABLE IF NOT EXISTS `tbl_barangays` (
  `bgy_region` varchar(30) NOT NULL,
  `bgy_province` varchar(30) NOT NULL,
  `bgy_city_mun` varchar(30) NOT NULL,
  `bgy_barangay` varchar(30) NOT NULL,
  PRIMARY KEY (`bgy_region`,`bgy_province`,`bgy_city_mun`,`bgy_barangay`)
) ENGINE=MyISAM DEFAULT CHARSET=latin1;

--
-- Dumping data for table `tbl_barangays`
--

INSERT INTO `tbl_barangays` (`bgy_region`, `bgy_province`, `bgy_city_mun`, `bgy_barangay`) VALUES
('NCR', 'NCR', 'CALOOCAN CITY', 'Barangay 1'),
('NCR', 'NCR', 'CALOOCAN CITY', 'Barangay 10'),
('NCR', 'NCR', 'CALOOCAN CITY', 'Barangay 100'),
('NCR', 'NCR', 'CALOOCAN CITY', 'Barangay 101'),
('NCR', 'NCR', 'CALOOCAN CITY', 'Barangay 102'),
('NCR', 'NCR', 'CALOOCAN CITY', 'Barangay 103'),
('NCR', 'NCR', 'CALOOCAN CITY', 'Barangay 104'),
('NCR', 'NCR', 'CALOOCAN CITY', 'Barangay 105'),
('NCR', 'NCR', 'CALOOCAN CITY', 'Barangay 106'),
('NCR', 'NCR', 'CALOOCAN CITY', 'Barangay 107'),
('NCR', 'NCR', 'CALOOCAN CITY', 'Barangay 108'),
('NCR', 'NCR', 'CALOOCAN CITY', 'Barangay 109'),
('NCR', 'NCR', 'CALOOCAN CITY', 'Barangay 11'),
('NCR', 'NCR', 'CALOOCAN CITY', 'Barangay 110'),
('NCR', 'NCR', 'CALOOCAN CITY', 'Barangay 111'),
('NCR', 'NCR', 'CALOOCAN CITY', 'Barangay 112'),
('NCR', 'NCR', 'CALOOCAN CITY', 'Barangay 113'),
('NCR', 'NCR', 'CALOOCAN CITY', 'Barangay 114'),
('NCR', 'NCR', 'CALOOCAN CITY', 'Barangay 115'),
('NCR', 'NCR', 'CALOOCAN CITY', 'Barangay 116'),
('NCR', 'NCR', 'CALOOCAN CITY', 'Barangay 117'),
('NCR', 'NCR', 'CALOOCAN CITY', 'Barangay 118'),
('NCR', 'NCR', 'CALOOCAN CITY', 'Barangay 119'),
('NCR', 'NCR', 'CALOOCAN CITY', 'Barangay 12'),
('NCR', 'NCR', 'CALOOCAN CITY', 'Barangay 120'),
('NCR', 'NCR', 'CALOOCAN CITY', 'Barangay 121'),
('NCR', 'NCR', 'CALOOCAN CITY', 'Barangay 122'),
('NCR', 'NCR', 'CALOOCAN CITY', 'Barangay 123'),
('NCR', 'NCR', 'CALOOCAN CITY', 'Barangay 124'),
('NCR', 'NCR', 'CALOOCAN CITY', 'Barangay 125'),
('NCR', 'NCR', 'CALOOCAN CITY', 'Barangay 126'),
('NCR', 'NCR', 'CALOOCAN CITY', 'Barangay 127'),
('NCR', 'NCR', 'CALOOCAN CITY', 'Barangay 128'),
('NCR', 'NCR', 'CALOOCAN CITY', 'Barangay 129'),
('NCR', 'NCR', 'CALOOCAN CITY', 'Barangay 13'),
('NCR', 'NCR', 'CALOOCAN CITY', 'Barangay 130'),
('NCR', 'NCR', 'CALOOCAN CITY', 'Barangay 131'),
('NCR', 'NCR', 'CALOOCAN CITY', 'Barangay 132'),
('NCR', 'NCR', 'CALOOCAN CITY', 'Barangay 133'),
('NCR', 'NCR', 'CALOOCAN CITY', 'Barangay 134'),
('NCR', 'NCR', 'CALOOCAN CITY', 'Barangay 135'),
('NCR', 'NCR', 'CALOOCAN CITY', 'Barangay 136'),
('NCR', 'NCR', 'CALOOCAN CITY', 'Barangay 137'),
('NCR', 'NCR', 'CALOOCAN CITY', 'Barangay 138'),
('NCR', 'NCR', 'CALOOCAN CITY', 'Barangay 139'),
('NCR', 'NCR', 'CALOOCAN CITY', 'Barangay 14'),
('NCR', 'NCR', 'CALOOCAN CITY', 'Barangay 140'),
('NCR', 'NCR', 'CALOOCAN CITY', 'Barangay 141'),
('NCR', 'NCR', 'CALOOCAN CITY', 'Barangay 142'),
('NCR', 'NCR', 'CALOOCAN CITY', 'Barangay 143'),
('NCR', 'NCR', 'CALOOCAN CITY', 'Barangay 144'),
('NCR', 'NCR', 'CALOOCAN CITY', 'Barangay 145'),
('NCR', 'NCR', 'CALOOCAN CITY', 'Barangay 146'),
('NCR', 'NCR', 'CALOOCAN CITY', 'Barangay 147'),
('NCR', 'NCR', 'CALOOCAN CITY', 'Barangay 148'),
('NCR', 'NCR', 'CALOOCAN CITY', 'Barangay 149'),
('NCR', 'NCR', 'CALOOCAN CITY', 'Barangay 15'),
('NCR', 'NCR', 'CALOOCAN CITY', 'Barangay 150'),
('NCR', 'NCR', 'CALOOCAN CITY', 'Barangay 151'),
('NCR', 'NCR', 'CALOOCAN CITY', 'Barangay 152'),
('NCR', 'NCR', 'CALOOCAN CITY', 'Barangay 153'),
('NCR', 'NCR', 'CALOOCAN CITY', 'Barangay 154'),
('NCR', 'NCR', 'CALOOCAN CITY', 'Barangay 155'),
('NCR', 'NCR', 'CALOOCAN CITY', 'Barangay 156'),
('NCR', 'NCR', 'CALOOCAN CITY', 'Barangay 157'),
('NCR', 'NCR', 'CALOOCAN CITY', 'Barangay 158'),
('NCR', 'NCR', 'CALOOCAN CITY', 'Barangay 159'),
('NCR', 'NCR', 'CALOOCAN CITY', 'Barangay 16'),
('NCR', 'NCR', 'CALOOCAN CITY', 'Barangay 160'),
('NCR', 'NCR', 'CALOOCAN CITY', 'Barangay 161'),
('NCR', 'NCR', 'CALOOCAN CITY', 'Barangay 162'),
('NCR', 'NCR', 'CALOOCAN CITY', 'Barangay 163'),
('NCR', 'NCR', 'CALOOCAN CITY', 'Barangay 164'),
('NCR', 'NCR', 'CALOOCAN CITY', 'Barangay 165'),
('NCR', 'NCR', 'CALOOCAN CITY', 'Barangay 166'),
('NCR', 'NCR', 'CALOOCAN CITY', 'Barangay 167'),
('NCR', 'NCR', 'CALOOCAN CITY', 'Barangay 168'),
('NCR', 'NCR', 'CALOOCAN CITY', 'Barangay 169'),
('NCR', 'NCR', 'CALOOCAN CITY', 'Barangay 17'),
('NCR', 'NCR', 'CALOOCAN CITY', 'Barangay 170'),
('NCR', 'NCR', 'CALOOCAN CITY', 'Barangay 171'),
('NCR', 'NCR', 'CALOOCAN CITY', 'Barangay 172'),
('NCR', 'NCR', 'CALOOCAN CITY', 'Barangay 173'),
('NCR', 'NCR', 'CALOOCAN CITY', 'Barangay 174'),
('NCR', 'NCR', 'CALOOCAN CITY', 'Barangay 175'),
('NCR', 'NCR', 'CALOOCAN CITY', 'Barangay 176'),
('NCR', 'NCR', 'CALOOCAN CITY', 'Barangay 177'),
('NCR', 'NCR', 'CALOOCAN CITY', 'Barangay 178'),
('NCR', 'NCR', 'CALOOCAN CITY', 'Barangay 179'),
('NCR', 'NCR', 'CALOOCAN CITY', 'Barangay 18'),
('NCR', 'NCR', 'CALOOCAN CITY', 'Barangay 180'),
('NCR', 'NCR', 'CALOOCAN CITY', 'Barangay 181'),
('NCR', 'NCR', 'CALOOCAN CITY', 'Barangay 182'),
('NCR', 'NCR', 'CALOOCAN CITY', 'Barangay 183'),
('NCR', 'NCR', 'CALOOCAN CITY', 'Barangay 184'),
('NCR', 'NCR', 'CALOOCAN CITY', 'Barangay 185'),
('NCR', 'NCR', 'CALOOCAN CITY', 'Barangay 186'),
('NCR', 'NCR', 'CALOOCAN CITY', 'Barangay 187'),
('NCR', 'NCR', 'CALOOCAN CITY', 'Barangay 188'),
('NCR', 'NCR', 'CALOOCAN CITY', 'Barangay 19'),
('NCR', 'NCR', 'CALOOCAN CITY', 'Barangay 2'),
('NCR', 'NCR', 'CALOOCAN CITY', 'Barangay 20'),
('NCR', 'NCR', 'CALOOCAN CITY', 'Barangay 21'),
('NCR', 'NCR', 'CALOOCAN CITY', 'Barangay 22'),
('NCR', 'NCR', 'CALOOCAN CITY', 'Barangay 23'),
('NCR', 'NCR', 'CALOOCAN CITY', 'Barangay 24'),
('NCR', 'NCR', 'CALOOCAN CITY', 'Barangay 25'),
('NCR', 'NCR', 'CALOOCAN CITY', 'Barangay 26'),
('NCR', 'NCR', 'CALOOCAN CITY', 'Barangay 27'),
('NCR', 'NCR', 'CALOOCAN CITY', 'Barangay 28'),
('NCR', 'NCR', 'CALOOCAN CITY', 'Barangay 29'),
('NCR', 'NCR', 'CALOOCAN CITY', 'Barangay 3'),
('NCR', 'NCR', 'CALOOCAN CITY', 'Barangay 30'),
('NCR', 'NCR', 'CALOOCAN CITY', 'Barangay 31'),
('NCR', 'NCR', 'CALOOCAN CITY', 'Barangay 32'),
('NCR', 'NCR', 'CALOOCAN CITY', 'Barangay 33'),
('NCR', 'NCR', 'CALOOCAN CITY', 'Barangay 34'),
('NCR', 'NCR', 'CALOOCAN CITY', 'Barangay 35'),
('NCR', 'NCR', 'CALOOCAN CITY', 'Barangay 36'),
('NCR', 'NCR', 'CALOOCAN CITY', 'Barangay 37'),
('NCR', 'NCR', 'CALOOCAN CITY', 'Barangay 38'),
('NCR', 'NCR', 'CALOOCAN CITY', 'Barangay 39'),
('NCR', 'NCR', 'CALOOCAN CITY', 'Barangay 4'),
('NCR', 'NCR', 'CALOOCAN CITY', 'Barangay 40'),
('NCR', 'NCR', 'CALOOCAN CITY', 'Barangay 41'),
('NCR', 'NCR', 'CALOOCAN CITY', 'Barangay 42'),
('NCR', 'NCR', 'CALOOCAN CITY', 'Barangay 43'),
('NCR', 'NCR', 'CALOOCAN CITY', 'Barangay 44'),
('NCR', 'NCR', 'CALOOCAN CITY', 'Barangay 45'),
('NCR', 'NCR', 'CALOOCAN CITY', 'Barangay 46'),
('NCR', 'NCR', 'CALOOCAN CITY', 'Barangay 47'),
('NCR', 'NCR', 'CALOOCAN CITY', 'Barangay 48'),
('NCR', 'NCR', 'CALOOCAN CITY', 'Barangay 49'),
('NCR', 'NCR', 'CALOOCAN CITY', 'Barangay 5'),
('NCR', 'NCR', 'CALOOCAN CITY', 'Barangay 50'),
('NCR', 'NCR', 'CALOOCAN CITY', 'Barangay 51'),
('NCR', 'NCR', 'CALOOCAN CITY', 'Barangay 52'),
('NCR', 'NCR', 'CALOOCAN CITY', 'Barangay 53'),
('NCR', 'NCR', 'CALOOCAN CITY', 'Barangay 54'),
('NCR', 'NCR', 'CALOOCAN CITY', 'Barangay 55'),
('NCR', 'NCR', 'CALOOCAN CITY', 'Barangay 56'),
('NCR', 'NCR', 'CALOOCAN CITY', 'Barangay 57'),
('NCR', 'NCR', 'CALOOCAN CITY', 'Barangay 58'),
('NCR', 'NCR', 'CALOOCAN CITY', 'Barangay 59'),
('NCR', 'NCR', 'CALOOCAN CITY', 'Barangay 6'),
('NCR', 'NCR', 'CALOOCAN CITY', 'Barangay 60'),
('NCR', 'NCR', 'CALOOCAN CITY', 'Barangay 61'),
('NCR', 'NCR', 'CALOOCAN CITY', 'Barangay 62'),
('NCR', 'NCR', 'CALOOCAN CITY', 'Barangay 63'),
('NCR', 'NCR', 'CALOOCAN CITY', 'Barangay 64'),
('NCR', 'NCR', 'CALOOCAN CITY', 'Barangay 65'),
('NCR', 'NCR', 'CALOOCAN CITY', 'Barangay 66'),
('NCR', 'NCR', 'CALOOCAN CITY', 'Barangay 67'),
('NCR', 'NCR', 'CALOOCAN CITY', 'Barangay 68'),
('NCR', 'NCR', 'CALOOCAN CITY', 'Barangay 69'),
('NCR', 'NCR', 'CALOOCAN CITY', 'Barangay 7'),
('NCR', 'NCR', 'CALOOCAN CITY', 'Barangay 70'),
('NCR', 'NCR', 'CALOOCAN CITY', 'Barangay 71'),
('NCR', 'NCR', 'CALOOCAN CITY', 'Barangay 72'),
('NCR', 'NCR', 'CALOOCAN CITY', 'Barangay 73'),
('NCR', 'NCR', 'CALOOCAN CITY', 'Barangay 74'),
('NCR', 'NCR', 'CALOOCAN CITY', 'Barangay 75'),
('NCR', 'NCR', 'CALOOCAN CITY', 'Barangay 76'),
('NCR', 'NCR', 'CALOOCAN CITY', 'Barangay 77'),
('NCR', 'NCR', 'CALOOCAN CITY', 'Barangay 78'),
('NCR', 'NCR', 'CALOOCAN CITY', 'Barangay 79'),
('NCR', 'NCR', 'CALOOCAN CITY', 'Barangay 8'),
('NCR', 'NCR', 'CALOOCAN CITY', 'Barangay 80'),
('NCR', 'NCR', 'CALOOCAN CITY', 'Barangay 81'),
('NCR', 'NCR', 'CALOOCAN CITY', 'Barangay 82'),
('NCR', 'NCR', 'CALOOCAN CITY', 'Barangay 83'),
('NCR', 'NCR', 'CALOOCAN CITY', 'Barangay 84'),
('NCR', 'NCR', 'CALOOCAN CITY', 'Barangay 85'),
('NCR', 'NCR', 'CALOOCAN CITY', 'Barangay 86'),
('NCR', 'NCR', 'CALOOCAN CITY', 'Barangay 87'),
('NCR', 'NCR', 'CALOOCAN CITY', 'Barangay 88'),
('NCR', 'NCR', 'CALOOCAN CITY', 'Barangay 89'),
('NCR', 'NCR', 'CALOOCAN CITY', 'Barangay 9'),
('NCR', 'NCR', 'CALOOCAN CITY', 'Barangay 90'),
('NCR', 'NCR', 'CALOOCAN CITY', 'Barangay 91'),
('NCR', 'NCR', 'CALOOCAN CITY', 'Barangay 92'),
('NCR', 'NCR', 'CALOOCAN CITY', 'Barangay 93'),
('NCR', 'NCR', 'CALOOCAN CITY', 'Barangay 94'),
('NCR', 'NCR', 'CALOOCAN CITY', 'Barangay 95'),
('NCR', 'NCR', 'CALOOCAN CITY', 'Barangay 96'),
('NCR', 'NCR', 'CALOOCAN CITY', 'Barangay 97'),
('NCR', 'NCR', 'CALOOCAN CITY', 'Barangay 98'),
('NCR', 'NCR', 'CALOOCAN CITY', 'Barangay 99'),
('NCR', 'NCR', 'LAS PI?AS', 'Almanza Dos'),
('NCR', 'NCR', 'LAS PI?AS', 'Almanza Uno'),
('NCR', 'NCR', 'LAS PI?AS', 'B. F. International Village'),
('NCR', 'NCR', 'LAS PI?AS', 'Daniel Fajardo'),
('NCR', 'NCR', 'LAS PI?AS', 'Elias Aldana'),
('NCR', 'NCR', 'LAS PI?AS', 'Ilaya'),
('NCR', 'NCR', 'LAS PI?AS', 'Manuyo Dos'),
('NCR', 'NCR', 'LAS PI?AS', 'Manuyo Uno'),
('NCR', 'NCR', 'LAS PI?AS', 'Pamplona Dos'),
('NCR', 'NCR', 'LAS PI?AS', 'Pamplona Tres'),
('NCR', 'NCR', 'LAS PI?AS', 'Pamplona Uno'),
('NCR', 'NCR', 'LAS PI?AS', 'Pilar'),
('NCR', 'NCR', 'LAS PI?AS', 'Pulang Lupa Dos'),
('NCR', 'NCR', 'LAS PI?AS', 'Pulang Lupa Uno'),
('NCR', 'NCR', 'LAS PI?AS', 'Talon Dos'),
('NCR', 'NCR', 'LAS PI?AS', 'Talon Kuatro'),
('NCR', 'NCR', 'LAS PI?AS', 'Talon Singko'),
('NCR', 'NCR', 'LAS PI?AS', 'Talon Tres'),
('NCR', 'NCR', 'LAS PI?AS', 'Talon Uno'),
('NCR', 'NCR', 'LAS PI?AS', 'Zapote'),
('NCR', 'NCR', 'MAKATI', 'Bangkal'),
('NCR', 'NCR', 'MAKATI', 'Bel-Air'),
('NCR', 'NCR', 'MAKATI', 'Carmona'),
('NCR', 'NCR', 'MAKATI', 'Cembo'),
('NCR', 'NCR', 'MAKATI', 'Comembo'),
('NCR', 'NCR', 'MAKATI', 'Dasmari?as'),
('NCR', 'NCR', 'MAKATI', 'East Rembo'),
('NCR', 'NCR', 'MAKATI', 'Forbes Park'),
('NCR', 'NCR', 'MAKATI', 'Guadalupe Nuevo'),
('NCR', 'NCR', 'MAKATI', 'Guadalupe Viejo'),
('NCR', 'NCR', 'MAKATI', 'Kasilawan'),
('NCR', 'NCR', 'MAKATI', 'La Paz'),
('NCR', 'NCR', 'MAKATI', 'Magallanes'),
('NCR', 'NCR', 'MAKATI', 'Olympia'),
('NCR', 'NCR', 'MAKATI', 'Palanan'),
('NCR', 'NCR', 'MAKATI', 'Pembo'),
('NCR', 'NCR', 'MAKATI', 'Pinagkaisahan'),
('NCR', 'NCR', 'MAKATI', 'Pio Del Pilar'),
('NCR', 'NCR', 'MAKATI', 'Pitogo'),
('NCR', 'NCR', 'MAKATI', 'Poblacion'),
('NCR', 'NCR', 'MAKATI', 'Post Proper Northside'),
('NCR', 'NCR', 'MAKATI', 'Post Proper Southside'),
('NCR', 'NCR', 'MAKATI', 'Rizal'),
('NCR', 'NCR', 'MAKATI', 'San Antonio'),
('NCR', 'NCR', 'MAKATI', 'San Isidro'),
('NCR', 'NCR', 'MAKATI', 'San Lorenzo'),
('NCR', 'NCR', 'MAKATI', 'Santa Cruz'),
('NCR', 'NCR', 'MAKATI', 'Singkamas'),
('NCR', 'NCR', 'MAKATI', 'South Cembo'),
('NCR', 'NCR', 'MAKATI', 'Tejeros'),
('NCR', 'NCR', 'MAKATI', 'Urdaneta'),
('NCR', 'NCR', 'MAKATI', 'Valenzuela'),
('NCR', 'NCR', 'MAKATI', 'West Rembo'),
('NCR', 'NCR', 'MALABON', 'Acacia'),
('NCR', 'NCR', 'MALABON', 'Baritan'),
('NCR', 'NCR', 'MALABON', 'Bayan-bayanan'),
('NCR', 'NCR', 'MALABON', 'Catmon'),
('NCR', 'NCR', 'MALABON', 'Concepcion'),
('NCR', 'NCR', 'MALABON', 'Dampalit'),
('NCR', 'NCR', 'MALABON', 'Flores'),
('NCR', 'NCR', 'MALABON', 'Hulong Duhat'),
('NCR', 'NCR', 'MALABON', 'Ibaba'),
('NCR', 'NCR', 'MALABON', 'Longos'),
('NCR', 'NCR', 'MALABON', 'Maysilo'),
('NCR', 'NCR', 'MALABON', 'Muzon'),
('NCR', 'NCR', 'MALABON', 'Niugan'),
('NCR', 'NCR', 'MALABON', 'Panghulo'),
('NCR', 'NCR', 'MALABON', 'Potrero'),
('NCR', 'NCR', 'MALABON', 'San Agustin'),
('NCR', 'NCR', 'MALABON', 'Santolan'),
('NCR', 'NCR', 'MALABON', 'Ta?ong (Pob.)'),
('NCR', 'NCR', 'MALABON', 'Tinajeros'),
('NCR', 'NCR', 'MALABON', 'Tonsuya'),
('NCR', 'NCR', 'MALABON', 'Tugatog'),
('NCR', 'NCR', 'MANDALUYONG', 'Addition Hills'),
('NCR', 'NCR', 'MANDALUYONG', 'Bagong Silang'),
('NCR', 'NCR', 'MANDALUYONG', 'Barangka Drive'),
('NCR', 'NCR', 'MANDALUYONG', 'Barangka Ibaba'),
('NCR', 'NCR', 'MANDALUYONG', 'Barangka Ilaya'),
('NCR', 'NCR', 'MANDALUYONG', 'Barangka Itaas'),
('NCR', 'NCR', 'MANDALUYONG', 'Buayang Bato'),
('NCR', 'NCR', 'MANDALUYONG', 'Burol'),
('NCR', 'NCR', 'MANDALUYONG', 'Daang Bakal'),
('NCR', 'NCR', 'MANDALUYONG', 'Hagdang Bato Itaas'),
('NCR', 'NCR', 'MANDALUYONG', 'Hagdang Bato Libis'),
('NCR', 'NCR', 'MANDALUYONG', 'Harapin Ang Bukas'),
('NCR', 'NCR', 'MANDALUYONG', 'Highway Hills'),
('NCR', 'NCR', 'MANDALUYONG', 'Hulo'),
('NCR', 'NCR', 'MANDALUYONG', 'Mabini-J. Rizal'),
('NCR', 'NCR', 'MANDALUYONG', 'Malamig'),
('NCR', 'NCR', 'MANDALUYONG', 'Mauway'),
('NCR', 'NCR', 'MANDALUYONG', 'Namayan'),
('NCR', 'NCR', 'MANDALUYONG', 'New Za?iga'),
('NCR', 'NCR', 'MANDALUYONG', 'Old Za?iga'),
('NCR', 'NCR', 'MANDALUYONG', 'Pag-asa'),
('NCR', 'NCR', 'MANDALUYONG', 'Plainview'),
('NCR', 'NCR', 'MANDALUYONG', 'Pleasant Hills'),
('NCR', 'NCR', 'MANDALUYONG', 'Poblacion'),
('NCR', 'NCR', 'MANDALUYONG', 'San Jose'),
('NCR', 'NCR', 'MANDALUYONG', 'Vergara'),
('NCR', 'NCR', 'MANDALUYONG', 'Wack-wack Greenhills'),
('NCR', 'NCR', 'MANILA', 'Barangay 1'),
('NCR', 'NCR', 'MANILA', 'Barangay 10'),
('NCR', 'NCR', 'MANILA', 'Barangay 100'),
('NCR', 'NCR', 'MANILA', 'Barangay 101'),
('NCR', 'NCR', 'MANILA', 'Barangay 102'),
('NCR', 'NCR', 'MANILA', 'Barangay 103'),
('NCR', 'NCR', 'MANILA', 'Barangay 104'),
('NCR', 'NCR', 'MANILA', 'Barangay 105'),
('NCR', 'NCR', 'MANILA', 'Barangay 106'),
('NCR', 'NCR', 'MANILA', 'Barangay 107'),
('NCR', 'NCR', 'MANILA', 'Barangay 108'),
('NCR', 'NCR', 'MANILA', 'Barangay 109'),
('NCR', 'NCR', 'MANILA', 'Barangay 11'),
('NCR', 'NCR', 'MANILA', 'Barangay 110'),
('NCR', 'NCR', 'MANILA', 'Barangay 111'),
('NCR', 'NCR', 'MANILA', 'Barangay 112'),
('NCR', 'NCR', 'MANILA', 'Barangay 116'),
('NCR', 'NCR', 'MANILA', 'Barangay 117'),
('NCR', 'NCR', 'MANILA', 'Barangay 118'),
('NCR', 'NCR', 'MANILA', 'Barangay 119'),
('NCR', 'NCR', 'MANILA', 'Barangay 12'),
('NCR', 'NCR', 'MANILA', 'Barangay 120'),
('NCR', 'NCR', 'MANILA', 'Barangay 121'),
('NCR', 'NCR', 'MANILA', 'Barangay 122'),
('NCR', 'NCR', 'MANILA', 'Barangay 123'),
('NCR', 'NCR', 'MANILA', 'Barangay 124'),
('NCR', 'NCR', 'MANILA', 'Barangay 125'),
('NCR', 'NCR', 'MANILA', 'Barangay 126'),
('NCR', 'NCR', 'MANILA', 'Barangay 127'),
('NCR', 'NCR', 'MANILA', 'Barangay 128'),
('NCR', 'NCR', 'MANILA', 'Barangay 129'),
('NCR', 'NCR', 'MANILA', 'Barangay 13'),
('NCR', 'NCR', 'MANILA', 'Barangay 130'),
('NCR', 'NCR', 'MANILA', 'Barangay 131'),
('NCR', 'NCR', 'MANILA', 'Barangay 132'),
('NCR', 'NCR', 'MANILA', 'Barangay 133'),
('NCR', 'NCR', 'MANILA', 'Barangay 134'),
('NCR', 'NCR', 'MANILA', 'Barangay 135'),
('NCR', 'NCR', 'MANILA', 'Barangay 136'),
('NCR', 'NCR', 'MANILA', 'Barangay 137'),
('NCR', 'NCR', 'MANILA', 'Barangay 138'),
('NCR', 'NCR', 'MANILA', 'Barangay 139'),
('NCR', 'NCR', 'MANILA', 'Barangay 14'),
('NCR', 'NCR', 'MANILA', 'Barangay 140'),
('NCR', 'NCR', 'MANILA', 'Barangay 141'),
('NCR', 'NCR', 'MANILA', 'Barangay 142'),
('NCR', 'NCR', 'MANILA', 'Barangay 143'),
('NCR', 'NCR', 'MANILA', 'Barangay 144'),
('NCR', 'NCR', 'MANILA', 'Barangay 145'),
('NCR', 'NCR', 'MANILA', 'Barangay 146'),
('NCR', 'NCR', 'MANILA', 'Barangay 147'),
('NCR', 'NCR', 'MANILA', 'Barangay 148'),
('NCR', 'NCR', 'MANILA', 'Barangay 149'),
('NCR', 'NCR', 'MANILA', 'Barangay 15'),
('NCR', 'NCR', 'MANILA', 'Barangay 150'),
('NCR', 'NCR', 'MANILA', 'Barangay 151'),
('NCR', 'NCR', 'MANILA', 'Barangay 152'),
('NCR', 'NCR', 'MANILA', 'Barangay 153'),
('NCR', 'NCR', 'MANILA', 'Barangay 154'),
('NCR', 'NCR', 'MANILA', 'Barangay 155'),
('NCR', 'NCR', 'MANILA', 'Barangay 156'),
('NCR', 'NCR', 'MANILA', 'Barangay 157'),
('NCR', 'NCR', 'MANILA', 'Barangay 158'),
('NCR', 'NCR', 'MANILA', 'Barangay 159'),
('NCR', 'NCR', 'MANILA', 'Barangay 16'),
('NCR', 'NCR', 'MANILA', 'Barangay 160'),
('NCR', 'NCR', 'MANILA', 'Barangay 161'),
('NCR', 'NCR', 'MANILA', 'Barangay 162'),
('NCR', 'NCR', 'MANILA', 'Barangay 163'),
('NCR', 'NCR', 'MANILA', 'Barangay 164'),
('NCR', 'NCR', 'MANILA', 'Barangay 165'),
('NCR', 'NCR', 'MANILA', 'Barangay 166'),
('NCR', 'NCR', 'MANILA', 'Barangay 167'),
('NCR', 'NCR', 'MANILA', 'Barangay 168'),
('NCR', 'NCR', 'MANILA', 'Barangay 169'),
('NCR', 'NCR', 'MANILA', 'Barangay 17'),
('NCR', 'NCR', 'MANILA', 'Barangay 170'),
('NCR', 'NCR', 'MANILA', 'Barangay 171'),
('NCR', 'NCR', 'MANILA', 'Barangay 172'),
('NCR', 'NCR', 'MANILA', 'Barangay 173'),
('NCR', 'NCR', 'MANILA', 'Barangay 174'),
('NCR', 'NCR', 'MANILA', 'Barangay 175'),
('NCR', 'NCR', 'MANILA', 'Barangay 176'),
('NCR', 'NCR', 'MANILA', 'Barangay 177'),
('NCR', 'NCR', 'MANILA', 'Barangay 178'),
('NCR', 'NCR', 'MANILA', 'Barangay 179'),
('NCR', 'NCR', 'MANILA', 'Barangay 18'),
('NCR', 'NCR', 'MANILA', 'Barangay 180'),
('NCR', 'NCR', 'MANILA', 'Barangay 181'),
('NCR', 'NCR', 'MANILA', 'Barangay 182'),
('NCR', 'NCR', 'MANILA', 'Barangay 183'),
('NCR', 'NCR', 'MANILA', 'Barangay 184'),
('NCR', 'NCR', 'MANILA', 'Barangay 185'),
('NCR', 'NCR', 'MANILA', 'Barangay 186'),
('NCR', 'NCR', 'MANILA', 'Barangay 187'),
('NCR', 'NCR', 'MANILA', 'Barangay 188'),
('NCR', 'NCR', 'MANILA', 'Barangay 189'),
('NCR', 'NCR', 'MANILA', 'Barangay 19'),
('NCR', 'NCR', 'MANILA', 'Barangay 190'),
('NCR', 'NCR', 'MANILA', 'Barangay 191'),
('NCR', 'NCR', 'MANILA', 'Barangay 192'),
('NCR', 'NCR', 'MANILA', 'Barangay 193'),
('NCR', 'NCR', 'MANILA', 'Barangay 194'),
('NCR', 'NCR', 'MANILA', 'Barangay 195'),
('NCR', 'NCR', 'MANILA', 'Barangay 196'),
('NCR', 'NCR', 'MANILA', 'Barangay 197'),
('NCR', 'NCR', 'MANILA', 'Barangay 198'),
('NCR', 'NCR', 'MANILA', 'Barangay 199'),
('NCR', 'NCR', 'MANILA', 'Barangay 2'),
('NCR', 'NCR', 'MANILA', 'Barangay 20'),
('NCR', 'NCR', 'MANILA', 'Barangay 200'),
('NCR', 'NCR', 'MANILA', 'Barangay 201'),
('NCR', 'NCR', 'MANILA', 'Barangay 202'),
('NCR', 'NCR', 'MANILA', 'Barangay 202-A'),
('NCR', 'NCR', 'MANILA', 'Barangay 203'),
('NCR', 'NCR', 'MANILA', 'Barangay 204'),
('NCR', 'NCR', 'MANILA', 'Barangay 205'),
('NCR', 'NCR', 'MANILA', 'Barangay 206'),
('NCR', 'NCR', 'MANILA', 'Barangay 207'),
('NCR', 'NCR', 'MANILA', 'Barangay 208'),
('NCR', 'NCR', 'MANILA', 'Barangay 209'),
('NCR', 'NCR', 'MANILA', 'Barangay 210'),
('NCR', 'NCR', 'MANILA', 'Barangay 211'),
('NCR', 'NCR', 'MANILA', 'Barangay 212'),
('NCR', 'NCR', 'MANILA', 'Barangay 213'),
('NCR', 'NCR', 'MANILA', 'Barangay 214'),
('NCR', 'NCR', 'MANILA', 'Barangay 215'),
('NCR', 'NCR', 'MANILA', 'Barangay 216'),
('NCR', 'NCR', 'MANILA', 'Barangay 217'),
('NCR', 'NCR', 'MANILA', 'Barangay 218'),
('NCR', 'NCR', 'MANILA', 'Barangay 219'),
('NCR', 'NCR', 'MANILA', 'Barangay 220'),
('NCR', 'NCR', 'MANILA', 'Barangay 221'),
('NCR', 'NCR', 'MANILA', 'Barangay 222'),
('NCR', 'NCR', 'MANILA', 'Barangay 223'),
('NCR', 'NCR', 'MANILA', 'Barangay 224'),
('NCR', 'NCR', 'MANILA', 'Barangay 225'),
('NCR', 'NCR', 'MANILA', 'Barangay 226'),
('NCR', 'NCR', 'MANILA', 'Barangay 227'),
('NCR', 'NCR', 'MANILA', 'Barangay 228'),
('NCR', 'NCR', 'MANILA', 'Barangay 229'),
('NCR', 'NCR', 'MANILA', 'Barangay 230'),
('NCR', 'NCR', 'MANILA', 'Barangay 231'),
('NCR', 'NCR', 'MANILA', 'Barangay 232'),
('NCR', 'NCR', 'MANILA', 'Barangay 233'),
('NCR', 'NCR', 'MANILA', 'Barangay 234'),
('NCR', 'NCR', 'MANILA', 'Barangay 235'),
('NCR', 'NCR', 'MANILA', 'Barangay 236'),
('NCR', 'NCR', 'MANILA', 'Barangay 237'),
('NCR', 'NCR', 'MANILA', 'Barangay 238'),
('NCR', 'NCR', 'MANILA', 'Barangay 239'),
('NCR', 'NCR', 'MANILA', 'Barangay 240'),
('NCR', 'NCR', 'MANILA', 'Barangay 241'),
('NCR', 'NCR', 'MANILA', 'Barangay 242'),
('NCR', 'NCR', 'MANILA', 'Barangay 243'),
('NCR', 'NCR', 'MANILA', 'Barangay 244'),
('NCR', 'NCR', 'MANILA', 'Barangay 245'),
('NCR', 'NCR', 'MANILA', 'Barangay 246'),
('NCR', 'NCR', 'MANILA', 'Barangay 247'),
('NCR', 'NCR', 'MANILA', 'Barangay 248'),
('NCR', 'NCR', 'MANILA', 'Barangay 249'),
('NCR', 'NCR', 'MANILA', 'Barangay 25'),
('NCR', 'NCR', 'MANILA', 'Barangay 250'),
('NCR', 'NCR', 'MANILA', 'Barangay 251'),
('NCR', 'NCR', 'MANILA', 'Barangay 252'),
('NCR', 'NCR', 'MANILA', 'Barangay 253'),
('NCR', 'NCR', 'MANILA', 'Barangay 254'),
('NCR', 'NCR', 'MANILA', 'Barangay 255'),
('NCR', 'NCR', 'MANILA', 'Barangay 256'),
('NCR', 'NCR', 'MANILA', 'Barangay 257'),
('NCR', 'NCR', 'MANILA', 'Barangay 258'),
('NCR', 'NCR', 'MANILA', 'Barangay 259'),
('NCR', 'NCR', 'MANILA', 'Barangay 26'),
('NCR', 'NCR', 'MANILA', 'Barangay 260'),
('NCR', 'NCR', 'MANILA', 'Barangay 261'),
('NCR', 'NCR', 'MANILA', 'Barangay 262'),
('NCR', 'NCR', 'MANILA', 'Barangay 263'),
('NCR', 'NCR', 'MANILA', 'Barangay 264'),
('NCR', 'NCR', 'MANILA', 'Barangay 265'),
('NCR', 'NCR', 'MANILA', 'Barangay 266'),
('NCR', 'NCR', 'MANILA', 'Barangay 267'),
('NCR', 'NCR', 'MANILA', 'Barangay 268'),
('NCR', 'NCR', 'MANILA', 'Barangay 269'),
('NCR', 'NCR', 'MANILA', 'Barangay 270'),
('NCR', 'NCR', 'MANILA', 'Barangay 271'),
('NCR', 'NCR', 'MANILA', 'Barangay 272'),
('NCR', 'NCR', 'MANILA', 'Barangay 273'),
('NCR', 'NCR', 'MANILA', 'Barangay 274'),
('NCR', 'NCR', 'MANILA', 'Barangay 275'),
('NCR', 'NCR', 'MANILA', 'Barangay 276'),
('NCR', 'NCR', 'MANILA', 'Barangay 28'),
('NCR', 'NCR', 'MANILA', 'Barangay 281'),
('NCR', 'NCR', 'MANILA', 'Barangay 282'),
('NCR', 'NCR', 'MANILA', 'Barangay 283'),
('NCR', 'NCR', 'MANILA', 'Barangay 284'),
('NCR', 'NCR', 'MANILA', 'Barangay 285'),
('NCR', 'NCR', 'MANILA', 'Barangay 286'),
('NCR', 'NCR', 'MANILA', 'Barangay 287'),
('NCR', 'NCR', 'MANILA', 'Barangay 288'),
('NCR', 'NCR', 'MANILA', 'Barangay 289'),
('NCR', 'NCR', 'MANILA', 'Barangay 29'),
('NCR', 'NCR', 'MANILA', 'Barangay 290'),
('NCR', 'NCR', 'MANILA', 'Barangay 291'),
('NCR', 'NCR', 'MANILA', 'Barangay 292'),
('NCR', 'NCR', 'MANILA', 'Barangay 293'),
('NCR', 'NCR', 'MANILA', 'Barangay 294'),
('NCR', 'NCR', 'MANILA', 'Barangay 295'),
('NCR', 'NCR', 'MANILA', 'Barangay 296'),
('NCR', 'NCR', 'MANILA', 'Barangay 297'),
('NCR', 'NCR', 'MANILA', 'Barangay 298'),
('NCR', 'NCR', 'MANILA', 'Barangay 299'),
('NCR', 'NCR', 'MANILA', 'Barangay 3'),
('NCR', 'NCR', 'MANILA', 'Barangay 30'),
('NCR', 'NCR', 'MANILA', 'Barangay 300'),
('NCR', 'NCR', 'MANILA', 'Barangay 301'),
('NCR', 'NCR', 'MANILA', 'Barangay 302'),
('NCR', 'NCR', 'MANILA', 'Barangay 303'),
('NCR', 'NCR', 'MANILA', 'Barangay 304'),
('NCR', 'NCR', 'MANILA', 'Barangay 305'),
('NCR', 'NCR', 'MANILA', 'Barangay 306'),
('NCR', 'NCR', 'MANILA', 'Barangay 307'),
('NCR', 'NCR', 'MANILA', 'Barangay 308'),
('NCR', 'NCR', 'MANILA', 'Barangay 309'),
('NCR', 'NCR', 'MANILA', 'Barangay 31'),
('NCR', 'NCR', 'MANILA', 'Barangay 310'),
('NCR', 'NCR', 'MANILA', 'Barangay 311'),
('NCR', 'NCR', 'MANILA', 'Barangay 312'),
('NCR', 'NCR', 'MANILA', 'Barangay 313'),
('NCR', 'NCR', 'MANILA', 'Barangay 314'),
('NCR', 'NCR', 'MANILA', 'Barangay 315'),
('NCR', 'NCR', 'MANILA', 'Barangay 316'),
('NCR', 'NCR', 'MANILA', 'Barangay 317'),
('NCR', 'NCR', 'MANILA', 'Barangay 318'),
('NCR', 'NCR', 'MANILA', 'Barangay 319'),
('NCR', 'NCR', 'MANILA', 'Barangay 32'),
('NCR', 'NCR', 'MANILA', 'Barangay 320'),
('NCR', 'NCR', 'MANILA', 'Barangay 321'),
('NCR', 'NCR', 'MANILA', 'Barangay 322'),
('NCR', 'NCR', 'MANILA', 'Barangay 323'),
('NCR', 'NCR', 'MANILA', 'Barangay 324'),
('NCR', 'NCR', 'MANILA', 'Barangay 325'),
('NCR', 'NCR', 'MANILA', 'Barangay 326'),
('NCR', 'NCR', 'MANILA', 'Barangay 327'),
('NCR', 'NCR', 'MANILA', 'Barangay 328'),
('NCR', 'NCR', 'MANILA', 'Barangay 329'),
('NCR', 'NCR', 'MANILA', 'Barangay 33'),
('NCR', 'NCR', 'MANILA', 'Barangay 330'),
('NCR', 'NCR', 'MANILA', 'Barangay 331'),
('NCR', 'NCR', 'MANILA', 'Barangay 332'),
('NCR', 'NCR', 'MANILA', 'Barangay 333'),
('NCR', 'NCR', 'MANILA', 'Barangay 334'),
('NCR', 'NCR', 'MANILA', 'Barangay 335'),
('NCR', 'NCR', 'MANILA', 'Barangay 336'),
('NCR', 'NCR', 'MANILA', 'Barangay 337'),
('NCR', 'NCR', 'MANILA', 'Barangay 338'),
('NCR', 'NCR', 'MANILA', 'Barangay 339'),
('NCR', 'NCR', 'MANILA', 'Barangay 34'),
('NCR', 'NCR', 'MANILA', 'Barangay 340'),
('NCR', 'NCR', 'MANILA', 'Barangay 341'),
('NCR', 'NCR', 'MANILA', 'Barangay 342'),
('NCR', 'NCR', 'MANILA', 'Barangay 343'),
('NCR', 'NCR', 'MANILA', 'Barangay 344'),
('NCR', 'NCR', 'MANILA', 'Barangay 345'),
('NCR', 'NCR', 'MANILA', 'Barangay 346'),
('NCR', 'NCR', 'MANILA', 'Barangay 347'),
('NCR', 'NCR', 'MANILA', 'Barangay 348'),
('NCR', 'NCR', 'MANILA', 'Barangay 349'),
('NCR', 'NCR', 'MANILA', 'Barangay 35'),
('NCR', 'NCR', 'MANILA', 'Barangay 350'),
('NCR', 'NCR', 'MANILA', 'Barangay 351'),
('NCR', 'NCR', 'MANILA', 'Barangay 352'),
('NCR', 'NCR', 'MANILA', 'Barangay 353'),
('NCR', 'NCR', 'MANILA', 'Barangay 354'),
('NCR', 'NCR', 'MANILA', 'Barangay 355'),
('NCR', 'NCR', 'MANILA', 'Barangay 356'),
('NCR', 'NCR', 'MANILA', 'Barangay 357'),
('NCR', 'NCR', 'MANILA', 'Barangay 358'),
('NCR', 'NCR', 'MANILA', 'Barangay 359'),
('NCR', 'NCR', 'MANILA', 'Barangay 36'),
('NCR', 'NCR', 'MANILA', 'Barangay 360'),
('NCR', 'NCR', 'MANILA', 'Barangay 361'),
('NCR', 'NCR', 'MANILA', 'Barangay 362'),
('NCR', 'NCR', 'MANILA', 'Barangay 363'),
('NCR', 'NCR', 'MANILA', 'Barangay 364'),
('NCR', 'NCR', 'MANILA', 'Barangay 365'),
('NCR', 'NCR', 'MANILA', 'Barangay 366'),
('NCR', 'NCR', 'MANILA', 'Barangay 367'),
('NCR', 'NCR', 'MANILA', 'Barangay 368'),
('NCR', 'NCR', 'MANILA', 'Barangay 369'),
('NCR', 'NCR', 'MANILA', 'Barangay 37'),
('NCR', 'NCR', 'MANILA', 'Barangay 370'),
('NCR', 'NCR', 'MANILA', 'Barangay 371'),
('NCR', 'NCR', 'MANILA', 'Barangay 372'),
('NCR', 'NCR', 'MANILA', 'Barangay 373'),
('NCR', 'NCR', 'MANILA', 'Barangay 374'),
('NCR', 'NCR', 'MANILA', 'Barangay 375'),
('NCR', 'NCR', 'MANILA', 'Barangay 376'),
('NCR', 'NCR', 'MANILA', 'Barangay 377'),
('NCR', 'NCR', 'MANILA', 'Barangay 378'),
('NCR', 'NCR', 'MANILA', 'Barangay 379'),
('NCR', 'NCR', 'MANILA', 'Barangay 38'),
('NCR', 'NCR', 'MANILA', 'Barangay 380'),
('NCR', 'NCR', 'MANILA', 'Barangay 381'),
('NCR', 'NCR', 'MANILA', 'Barangay 382'),
('NCR', 'NCR', 'MANILA', 'Barangay 383'),
('NCR', 'NCR', 'MANILA', 'Barangay 384'),
('NCR', 'NCR', 'MANILA', 'Barangay 385'),
('NCR', 'NCR', 'MANILA', 'Barangay 386'),
('NCR', 'NCR', 'MANILA', 'Barangay 387'),
('NCR', 'NCR', 'MANILA', 'Barangay 388'),
('NCR', 'NCR', 'MANILA', 'Barangay 389'),
('NCR', 'NCR', 'MANILA', 'Barangay 39'),
('NCR', 'NCR', 'MANILA', 'Barangay 390'),
('NCR', 'NCR', 'MANILA', 'Barangay 391'),
('NCR', 'NCR', 'MANILA', 'Barangay 392'),
('NCR', 'NCR', 'MANILA', 'Barangay 393'),
('NCR', 'NCR', 'MANILA', 'Barangay 394'),
('NCR', 'NCR', 'MANILA', 'Barangay 395'),
('NCR', 'NCR', 'MANILA', 'Barangay 396'),
('NCR', 'NCR', 'MANILA', 'Barangay 397'),
('NCR', 'NCR', 'MANILA', 'Barangay 398'),
('NCR', 'NCR', 'MANILA', 'Barangay 399'),
('NCR', 'NCR', 'MANILA', 'Barangay 4'),
('NCR', 'NCR', 'MANILA', 'Barangay 400'),
('NCR', 'NCR', 'MANILA', 'Barangay 401'),
('NCR', 'NCR', 'MANILA', 'Barangay 402'),
('NCR', 'NCR', 'MANILA', 'Barangay 403'),
('NCR', 'NCR', 'MANILA', 'Barangay 404'),
('NCR', 'NCR', 'MANILA', 'Barangay 405'),
('NCR', 'NCR', 'MANILA', 'Barangay 406'),
('NCR', 'NCR', 'MANILA', 'Barangay 407'),
('NCR', 'NCR', 'MANILA', 'Barangay 408'),
('NCR', 'NCR', 'MANILA', 'Barangay 409'),
('NCR', 'NCR', 'MANILA', 'Barangay 41'),
('NCR', 'NCR', 'MANILA', 'Barangay 410'),
('NCR', 'NCR', 'MANILA', 'Barangay 411'),
('NCR', 'NCR', 'MANILA', 'Barangay 412'),
('NCR', 'NCR', 'MANILA', 'Barangay 413'),
('NCR', 'NCR', 'MANILA', 'Barangay 414'),
('NCR', 'NCR', 'MANILA', 'Barangay 415'),
('NCR', 'NCR', 'MANILA', 'Barangay 416'),
('NCR', 'NCR', 'MANILA', 'Barangay 417'),
('NCR', 'NCR', 'MANILA', 'Barangay 418'),
('NCR', 'NCR', 'MANILA', 'Barangay 419'),
('NCR', 'NCR', 'MANILA', 'Barangay 42'),
('NCR', 'NCR', 'MANILA', 'Barangay 420'),
('NCR', 'NCR', 'MANILA', 'Barangay 421'),
('NCR', 'NCR', 'MANILA', 'Barangay 422'),
('NCR', 'NCR', 'MANILA', 'Barangay 423'),
('NCR', 'NCR', 'MANILA', 'Barangay 424'),
('NCR', 'NCR', 'MANILA', 'Barangay 425'),
('NCR', 'NCR', 'MANILA', 'Barangay 426'),
('NCR', 'NCR', 'MANILA', 'Barangay 427'),
('NCR', 'NCR', 'MANILA', 'Barangay 428'),
('NCR', 'NCR', 'MANILA', 'Barangay 429'),
('NCR', 'NCR', 'MANILA', 'Barangay 43'),
('NCR', 'NCR', 'MANILA', 'Barangay 430'),
('NCR', 'NCR', 'MANILA', 'Barangay 431'),
('NCR', 'NCR', 'MANILA', 'Barangay 432'),
('NCR', 'NCR', 'MANILA', 'Barangay 433'),
('NCR', 'NCR', 'MANILA', 'Barangay 434'),
('NCR', 'NCR', 'MANILA', 'Barangay 435'),
('NCR', 'NCR', 'MANILA', 'Barangay 436'),
('NCR', 'NCR', 'MANILA', 'Barangay 437'),
('NCR', 'NCR', 'MANILA', 'Barangay 438'),
('NCR', 'NCR', 'MANILA', 'Barangay 439'),
('NCR', 'NCR', 'MANILA', 'Barangay 44'),
('NCR', 'NCR', 'MANILA', 'Barangay 440'),
('NCR', 'NCR', 'MANILA', 'Barangay 441'),
('NCR', 'NCR', 'MANILA', 'Barangay 442'),
('NCR', 'NCR', 'MANILA', 'Barangay 443'),
('NCR', 'NCR', 'MANILA', 'Barangay 444'),
('NCR', 'NCR', 'MANILA', 'Barangay 445'),
('NCR', 'NCR', 'MANILA', 'Barangay 446'),
('NCR', 'NCR', 'MANILA', 'Barangay 447'),
('NCR', 'NCR', 'MANILA', 'Barangay 448'),
('NCR', 'NCR', 'MANILA', 'Barangay 449'),
('NCR', 'NCR', 'MANILA', 'Barangay 45'),
('NCR', 'NCR', 'MANILA', 'Barangay 450'),
('NCR', 'NCR', 'MANILA', 'Barangay 451'),
('NCR', 'NCR', 'MANILA', 'Barangay 452'),
('NCR', 'NCR', 'MANILA', 'Barangay 453'),
('NCR', 'NCR', 'MANILA', 'Barangay 454'),
('NCR', 'NCR', 'MANILA', 'Barangay 455'),
('NCR', 'NCR', 'MANILA', 'Barangay 456'),
('NCR', 'NCR', 'MANILA', 'Barangay 457'),
('NCR', 'NCR', 'MANILA', 'Barangay 458'),
('NCR', 'NCR', 'MANILA', 'Barangay 459'),
('NCR', 'NCR', 'MANILA', 'Barangay 46'),
('NCR', 'NCR', 'MANILA', 'Barangay 460'),
('NCR', 'NCR', 'MANILA', 'Barangay 461'),
('NCR', 'NCR', 'MANILA', 'Barangay 462'),
('NCR', 'NCR', 'MANILA', 'Barangay 463'),
('NCR', 'NCR', 'MANILA', 'Barangay 464'),
('NCR', 'NCR', 'MANILA', 'Barangay 465'),
('NCR', 'NCR', 'MANILA', 'Barangay 466'),
('NCR', 'NCR', 'MANILA', 'Barangay 467'),
('NCR', 'NCR', 'MANILA', 'Barangay 468'),
('NCR', 'NCR', 'MANILA', 'Barangay 469'),
('NCR', 'NCR', 'MANILA', 'Barangay 47'),
('NCR', 'NCR', 'MANILA', 'Barangay 470'),
('NCR', 'NCR', 'MANILA', 'Barangay 471'),
('NCR', 'NCR', 'MANILA', 'Barangay 472'),
('NCR', 'NCR', 'MANILA', 'Barangay 473'),
('NCR', 'NCR', 'MANILA', 'Barangay 474'),
('NCR', 'NCR', 'MANILA', 'Barangay 475'),
('NCR', 'NCR', 'MANILA', 'Barangay 476'),
('NCR', 'NCR', 'MANILA', 'Barangay 477'),
('NCR', 'NCR', 'MANILA', 'Barangay 478'),
('NCR', 'NCR', 'MANILA', 'Barangay 479'),
('NCR', 'NCR', 'MANILA', 'Barangay 48'),
('NCR', 'NCR', 'MANILA', 'Barangay 480'),
('NCR', 'NCR', 'MANILA', 'Barangay 481'),
('NCR', 'NCR', 'MANILA', 'Barangay 482'),
('NCR', 'NCR', 'MANILA', 'Barangay 483'),
('NCR', 'NCR', 'MANILA', 'Barangay 484'),
('NCR', 'NCR', 'MANILA', 'Barangay 485'),
('NCR', 'NCR', 'MANILA', 'Barangay 486'),
('NCR', 'NCR', 'MANILA', 'Barangay 487'),
('NCR', 'NCR', 'MANILA', 'Barangay 488'),
('NCR', 'NCR', 'MANILA', 'Barangay 489'),
('NCR', 'NCR', 'MANILA', 'Barangay 49'),
('NCR', 'NCR', 'MANILA', 'Barangay 490'),
('NCR', 'NCR', 'MANILA', 'Barangay 491'),
('NCR', 'NCR', 'MANILA', 'Barangay 492'),
('NCR', 'NCR', 'MANILA', 'Barangay 493'),
('NCR', 'NCR', 'MANILA', 'Barangay 494'),
('NCR', 'NCR', 'MANILA', 'Barangay 495'),
('NCR', 'NCR', 'MANILA', 'Barangay 496'),
('NCR', 'NCR', 'MANILA', 'Barangay 497'),
('NCR', 'NCR', 'MANILA', 'Barangay 498'),
('NCR', 'NCR', 'MANILA', 'Barangay 499'),
('NCR', 'NCR', 'MANILA', 'Barangay 5'),
('NCR', 'NCR', 'MANILA', 'Barangay 50'),
('NCR', 'NCR', 'MANILA', 'Barangay 500'),
('NCR', 'NCR', 'MANILA', 'Barangay 501'),
('NCR', 'NCR', 'MANILA', 'Barangay 502'),
('NCR', 'NCR', 'MANILA', 'Barangay 503'),
('NCR', 'NCR', 'MANILA', 'Barangay 504'),
('NCR', 'NCR', 'MANILA', 'Barangay 505'),
('NCR', 'NCR', 'MANILA', 'Barangay 506'),
('NCR', 'NCR', 'MANILA', 'Barangay 507'),
('NCR', 'NCR', 'MANILA', 'Barangay 508'),
('NCR', 'NCR', 'MANILA', 'Barangay 509'),
('NCR', 'NCR', 'MANILA', 'Barangay 51'),
('NCR', 'NCR', 'MANILA', 'Barangay 510'),
('NCR', 'NCR', 'MANILA', 'Barangay 511'),
('NCR', 'NCR', 'MANILA', 'Barangay 512'),
('NCR', 'NCR', 'MANILA', 'Barangay 513'),
('NCR', 'NCR', 'MANILA', 'Barangay 514'),
('NCR', 'NCR', 'MANILA', 'Barangay 515'),
('NCR', 'NCR', 'MANILA', 'Barangay 516'),
('NCR', 'NCR', 'MANILA', 'Barangay 517'),
('NCR', 'NCR', 'MANILA', 'Barangay 518'),
('NCR', 'NCR', 'MANILA', 'Barangay 519'),
('NCR', 'NCR', 'MANILA', 'Barangay 52'),
('NCR', 'NCR', 'MANILA', 'Barangay 520'),
('NCR', 'NCR', 'MANILA', 'Barangay 521'),
('NCR', 'NCR', 'MANILA', 'Barangay 522'),
('NCR', 'NCR', 'MANILA', 'Barangay 523'),
('NCR', 'NCR', 'MANILA', 'Barangay 524'),
('NCR', 'NCR', 'MANILA', 'Barangay 525'),
('NCR', 'NCR', 'MANILA', 'Barangay 526'),
('NCR', 'NCR', 'MANILA', 'Barangay 527'),
('NCR', 'NCR', 'MANILA', 'Barangay 528'),
('NCR', 'NCR', 'MANILA', 'Barangay 529'),
('NCR', 'NCR', 'MANILA', 'Barangay 53'),
('NCR', 'NCR', 'MANILA', 'Barangay 530'),
('NCR', 'NCR', 'MANILA', 'Barangay 531'),
('NCR', 'NCR', 'MANILA', 'Barangay 532'),
('NCR', 'NCR', 'MANILA', 'Barangay 533'),
('NCR', 'NCR', 'MANILA', 'Barangay 534'),
('NCR', 'NCR', 'MANILA', 'Barangay 535'),
('NCR', 'NCR', 'MANILA', 'Barangay 536'),
('NCR', 'NCR', 'MANILA', 'Barangay 537'),
('NCR', 'NCR', 'MANILA', 'Barangay 538'),
('NCR', 'NCR', 'MANILA', 'Barangay 539'),
('NCR', 'NCR', 'MANILA', 'Barangay 54'),
('NCR', 'NCR', 'MANILA', 'Barangay 540'),
('NCR', 'NCR', 'MANILA', 'Barangay 541'),
('NCR', 'NCR', 'MANILA', 'Barangay 542'),
('NCR', 'NCR', 'MANILA', 'Barangay 543'),
('NCR', 'NCR', 'MANILA', 'Barangay 544'),
('NCR', 'NCR', 'MANILA', 'Barangay 545'),
('NCR', 'NCR', 'MANILA', 'Barangay 546'),
('NCR', 'NCR', 'MANILA', 'Barangay 547'),
('NCR', 'NCR', 'MANILA', 'Barangay 548'),
('NCR', 'NCR', 'MANILA', 'Barangay 549'),
('NCR', 'NCR', 'MANILA', 'Barangay 55'),
('NCR', 'NCR', 'MANILA', 'Barangay 550'),
('NCR', 'NCR', 'MANILA', 'Barangay 551'),
('NCR', 'NCR', 'MANILA', 'Barangay 552'),
('NCR', 'NCR', 'MANILA', 'Barangay 553'),
('NCR', 'NCR', 'MANILA', 'Barangay 554'),
('NCR', 'NCR', 'MANILA', 'Barangay 555'),
('NCR', 'NCR', 'MANILA', 'Barangay 556'),
('NCR', 'NCR', 'MANILA', 'Barangay 557'),
('NCR', 'NCR', 'MANILA', 'Barangay 558'),
('NCR', 'NCR', 'MANILA', 'Barangay 559'),
('NCR', 'NCR', 'MANILA', 'Barangay 56'),
('NCR', 'NCR', 'MANILA', 'Barangay 560'),
('NCR', 'NCR', 'MANILA', 'Barangay 561'),
('NCR', 'NCR', 'MANILA', 'Barangay 562'),
('NCR', 'NCR', 'MANILA', 'Barangay 563'),
('NCR', 'NCR', 'MANILA', 'Barangay 564'),
('NCR', 'NCR', 'MANILA', 'Barangay 565'),
('NCR', 'NCR', 'MANILA', 'Barangay 566'),
('NCR', 'NCR', 'MANILA', 'Barangay 567'),
('NCR', 'NCR', 'MANILA', 'Barangay 568'),
('NCR', 'NCR', 'MANILA', 'Barangay 569'),
('NCR', 'NCR', 'MANILA', 'Barangay 57'),
('NCR', 'NCR', 'MANILA', 'Barangay 570'),
('NCR', 'NCR', 'MANILA', 'Barangay 571'),
('NCR', 'NCR', 'MANILA', 'Barangay 572'),
('NCR', 'NCR', 'MANILA', 'Barangay 573'),
('NCR', 'NCR', 'MANILA', 'Barangay 574'),
('NCR', 'NCR', 'MANILA', 'Barangay 575'),
('NCR', 'NCR', 'MANILA', 'Barangay 576'),
('NCR', 'NCR', 'MANILA', 'Barangay 577'),
('NCR', 'NCR', 'MANILA', 'Barangay 578'),
('NCR', 'NCR', 'MANILA', 'Barangay 579'),
('NCR', 'NCR', 'MANILA', 'Barangay 58'),
('NCR', 'NCR', 'MANILA', 'Barangay 580'),
('NCR', 'NCR', 'MANILA', 'Barangay 581'),
('NCR', 'NCR', 'MANILA', 'Barangay 582'),
('NCR', 'NCR', 'MANILA', 'Barangay 583'),
('NCR', 'NCR', 'MANILA', 'Barangay 584'),
('NCR', 'NCR', 'MANILA', 'Barangay 585'),
('NCR', 'NCR', 'MANILA', 'Barangay 586'),
('NCR', 'NCR', 'MANILA', 'Barangay 587'),
('NCR', 'NCR', 'MANILA', 'Barangay 587-A'),
('NCR', 'NCR', 'MANILA', 'Barangay 588'),
('NCR', 'NCR', 'MANILA', 'Barangay 589'),
('NCR', 'NCR', 'MANILA', 'Barangay 59'),
('NCR', 'NCR', 'MANILA', 'Barangay 590'),
('NCR', 'NCR', 'MANILA', 'Barangay 591'),
('NCR', 'NCR', 'MANILA', 'Barangay 592'),
('NCR', 'NCR', 'MANILA', 'Barangay 593'),
('NCR', 'NCR', 'MANILA', 'Barangay 594'),
('NCR', 'NCR', 'MANILA', 'Barangay 595'),
('NCR', 'NCR', 'MANILA', 'Barangay 596'),
('NCR', 'NCR', 'MANILA', 'Barangay 597'),
('NCR', 'NCR', 'MANILA', 'Barangay 598'),
('NCR', 'NCR', 'MANILA', 'Barangay 599'),
('NCR', 'NCR', 'MANILA', 'Barangay 6'),
('NCR', 'NCR', 'MANILA', 'Barangay 60'),
('NCR', 'NCR', 'MANILA', 'Barangay 600'),
('NCR', 'NCR', 'MANILA', 'Barangay 601'),
('NCR', 'NCR', 'MANILA', 'Barangay 602'),
('NCR', 'NCR', 'MANILA', 'Barangay 603'),
('NCR', 'NCR', 'MANILA', 'Barangay 604'),
('NCR', 'NCR', 'MANILA', 'Barangay 605'),
('NCR', 'NCR', 'MANILA', 'Barangay 606'),
('NCR', 'NCR', 'MANILA', 'Barangay 607'),
('NCR', 'NCR', 'MANILA', 'Barangay 608'),
('NCR', 'NCR', 'MANILA', 'Barangay 609'),
('NCR', 'NCR', 'MANILA', 'Barangay 61'),
('NCR', 'NCR', 'MANILA', 'Barangay 610'),
('NCR', 'NCR', 'MANILA', 'Barangay 611'),
('NCR', 'NCR', 'MANILA', 'Barangay 612'),
('NCR', 'NCR', 'MANILA', 'Barangay 613'),
('NCR', 'NCR', 'MANILA', 'Barangay 614'),
('NCR', 'NCR', 'MANILA', 'Barangay 615'),
('NCR', 'NCR', 'MANILA', 'Barangay 616'),
('NCR', 'NCR', 'MANILA', 'Barangay 617'),
('NCR', 'NCR', 'MANILA', 'Barangay 618'),
('NCR', 'NCR', 'MANILA', 'Barangay 619'),
('NCR', 'NCR', 'MANILA', 'Barangay 62'),
('NCR', 'NCR', 'MANILA', 'Barangay 620'),
('NCR', 'NCR', 'MANILA', 'Barangay 621'),
('NCR', 'NCR', 'MANILA', 'Barangay 622'),
('NCR', 'NCR', 'MANILA', 'Barangay 623'),
('NCR', 'NCR', 'MANILA', 'Barangay 624'),
('NCR', 'NCR', 'MANILA', 'Barangay 625'),
('NCR', 'NCR', 'MANILA', 'Barangay 626'),
('NCR', 'NCR', 'MANILA', 'Barangay 627'),
('NCR', 'NCR', 'MANILA', 'Barangay 628'),
('NCR', 'NCR', 'MANILA', 'Barangay 629'),
('NCR', 'NCR', 'MANILA', 'Barangay 63'),
('NCR', 'NCR', 'MANILA', 'Barangay 630'),
('NCR', 'NCR', 'MANILA', 'Barangay 631'),
('NCR', 'NCR', 'MANILA', 'Barangay 632'),
('NCR', 'NCR', 'MANILA', 'Barangay 633'),
('NCR', 'NCR', 'MANILA', 'Barangay 634'),
('NCR', 'NCR', 'MANILA', 'Barangay 635'),
('NCR', 'NCR', 'MANILA', 'Barangay 636'),
('NCR', 'NCR', 'MANILA', 'Barangay 637'),
('NCR', 'NCR', 'MANILA', 'Barangay 638'),
('NCR', 'NCR', 'MANILA', 'Barangay 639'),
('NCR', 'NCR', 'MANILA', 'Barangay 64'),
('NCR', 'NCR', 'MANILA', 'Barangay 640'),
('NCR', 'NCR', 'MANILA', 'Barangay 641'),
('NCR', 'NCR', 'MANILA', 'Barangay 642'),
('NCR', 'NCR', 'MANILA', 'Barangay 643'),
('NCR', 'NCR', 'MANILA', 'Barangay 644'),
('NCR', 'NCR', 'MANILA', 'Barangay 645'),
('NCR', 'NCR', 'MANILA', 'Barangay 646'),
('NCR', 'NCR', 'MANILA', 'Barangay 647'),
('NCR', 'NCR', 'MANILA', 'Barangay 648'),
('NCR', 'NCR', 'MANILA', 'Barangay 649'),
('NCR', 'NCR', 'MANILA', 'Barangay 65'),
('NCR', 'NCR', 'MANILA', 'Barangay 650'),
('NCR', 'NCR', 'MANILA', 'Barangay 651'),
('NCR', 'NCR', 'MANILA', 'Barangay 652'),
('NCR', 'NCR', 'MANILA', 'Barangay 653'),
('NCR', 'NCR', 'MANILA', 'Barangay 654'),
('NCR', 'NCR', 'MANILA', 'Barangay 655'),
('NCR', 'NCR', 'MANILA', 'Barangay 656'),
('NCR', 'NCR', 'MANILA', 'Barangay 657'),
('NCR', 'NCR', 'MANILA', 'Barangay 658'),
('NCR', 'NCR', 'MANILA', 'Barangay 659'),
('NCR', 'NCR', 'MANILA', 'Barangay 659-A'),
('NCR', 'NCR', 'MANILA', 'Barangay 66'),
('NCR', 'NCR', 'MANILA', 'Barangay 660'),
('NCR', 'NCR', 'MANILA', 'Barangay 660-A'),
('NCR', 'NCR', 'MANILA', 'Barangay 661'),
('NCR', 'NCR', 'MANILA', 'Barangay 662'),
('NCR', 'NCR', 'MANILA', 'Barangay 663'),
('NCR', 'NCR', 'MANILA', 'Barangay 663-A'),
('NCR', 'NCR', 'MANILA', 'Barangay 664'),
('NCR', 'NCR', 'MANILA', 'Barangay 664-A'),
('NCR', 'NCR', 'MANILA', 'Barangay 666'),
('NCR', 'NCR', 'MANILA', 'Barangay 667'),
('NCR', 'NCR', 'MANILA', 'Barangay 668'),
('NCR', 'NCR', 'MANILA', 'Barangay 669'),
('NCR', 'NCR', 'MANILA', 'Barangay 67'),
('NCR', 'NCR', 'MANILA', 'Barangay 670'),
('NCR', 'NCR', 'MANILA', 'Barangay 671'),
('NCR', 'NCR', 'MANILA', 'Barangay 672'),
('NCR', 'NCR', 'MANILA', 'Barangay 673'),
('NCR', 'NCR', 'MANILA', 'Barangay 674'),
('NCR', 'NCR', 'MANILA', 'Barangay 675'),
('NCR', 'NCR', 'MANILA', 'Barangay 676'),
('NCR', 'NCR', 'MANILA', 'Barangay 677'),
('NCR', 'NCR', 'MANILA', 'Barangay 678'),
('NCR', 'NCR', 'MANILA', 'Barangay 679'),
('NCR', 'NCR', 'MANILA', 'Barangay 68'),
('NCR', 'NCR', 'MANILA', 'Barangay 680'),
('NCR', 'NCR', 'MANILA', 'Barangay 681'),
('NCR', 'NCR', 'MANILA', 'Barangay 682'),
('NCR', 'NCR', 'MANILA', 'Barangay 683'),
('NCR', 'NCR', 'MANILA', 'Barangay 684'),
('NCR', 'NCR', 'MANILA', 'Barangay 685'),
('NCR', 'NCR', 'MANILA', 'Barangay 686'),
('NCR', 'NCR', 'MANILA', 'Barangay 687'),
('NCR', 'NCR', 'MANILA', 'Barangay 688'),
('NCR', 'NCR', 'MANILA', 'Barangay 689'),
('NCR', 'NCR', 'MANILA', 'Barangay 69'),
('NCR', 'NCR', 'MANILA', 'Barangay 690'),
('NCR', 'NCR', 'MANILA', 'Barangay 691'),
('NCR', 'NCR', 'MANILA', 'Barangay 692'),
('NCR', 'NCR', 'MANILA', 'Barangay 693'),
('NCR', 'NCR', 'MANILA', 'Barangay 694'),
('NCR', 'NCR', 'MANILA', 'Barangay 695'),
('NCR', 'NCR', 'MANILA', 'Barangay 696'),
('NCR', 'NCR', 'MANILA', 'Barangay 697'),
('NCR', 'NCR', 'MANILA', 'Barangay 698'),
('NCR', 'NCR', 'MANILA', 'Barangay 699'),
('NCR', 'NCR', 'MANILA', 'Barangay 7'),
('NCR', 'NCR', 'MANILA', 'Barangay 70'),
('NCR', 'NCR', 'MANILA', 'Barangay 700'),
('NCR', 'NCR', 'MANILA', 'Barangay 701'),
('NCR', 'NCR', 'MANILA', 'Barangay 702'),
('NCR', 'NCR', 'MANILA', 'Barangay 703'),
('NCR', 'NCR', 'MANILA', 'Barangay 704'),
('NCR', 'NCR', 'MANILA', 'Barangay 705'),
('NCR', 'NCR', 'MANILA', 'Barangay 706'),
('NCR', 'NCR', 'MANILA', 'Barangay 707'),
('NCR', 'NCR', 'MANILA', 'Barangay 708'),
('NCR', 'NCR', 'MANILA', 'Barangay 709'),
('NCR', 'NCR', 'MANILA', 'Barangay 71'),
('NCR', 'NCR', 'MANILA', 'Barangay 710'),
('NCR', 'NCR', 'MANILA', 'Barangay 711'),
('NCR', 'NCR', 'MANILA', 'Barangay 712'),
('NCR', 'NCR', 'MANILA', 'Barangay 713'),
('NCR', 'NCR', 'MANILA', 'Barangay 714'),
('NCR', 'NCR', 'MANILA', 'Barangay 715'),
('NCR', 'NCR', 'MANILA', 'Barangay 716'),
('NCR', 'NCR', 'MANILA', 'Barangay 717'),
('NCR', 'NCR', 'MANILA', 'Barangay 718'),
('NCR', 'NCR', 'MANILA', 'Barangay 719'),
('NCR', 'NCR', 'MANILA', 'Barangay 72'),
('NCR', 'NCR', 'MANILA', 'Barangay 720'),
('NCR', 'NCR', 'MANILA', 'Barangay 721'),
('NCR', 'NCR', 'MANILA', 'Barangay 722'),
('NCR', 'NCR', 'MANILA', 'Barangay 723'),
('NCR', 'NCR', 'MANILA', 'Barangay 724'),
('NCR', 'NCR', 'MANILA', 'Barangay 725'),
('NCR', 'NCR', 'MANILA', 'Barangay 726'),
('NCR', 'NCR', 'MANILA', 'Barangay 727'),
('NCR', 'NCR', 'MANILA', 'Barangay 728'),
('NCR', 'NCR', 'MANILA', 'Barangay 729'),
('NCR', 'NCR', 'MANILA', 'Barangay 73'),
('NCR', 'NCR', 'MANILA', 'Barangay 730'),
('NCR', 'NCR', 'MANILA', 'Barangay 731'),
('NCR', 'NCR', 'MANILA', 'Barangay 732'),
('NCR', 'NCR', 'MANILA', 'Barangay 733'),
('NCR', 'NCR', 'MANILA', 'Barangay 734'),
('NCR', 'NCR', 'MANILA', 'Barangay 735'),
('NCR', 'NCR', 'MANILA', 'Barangay 736'),
('NCR', 'NCR', 'MANILA', 'Barangay 737'),
('NCR', 'NCR', 'MANILA', 'Barangay 738'),
('NCR', 'NCR', 'MANILA', 'Barangay 739'),
('NCR', 'NCR', 'MANILA', 'Barangay 74'),
('NCR', 'NCR', 'MANILA', 'Barangay 740'),
('NCR', 'NCR', 'MANILA', 'Barangay 741'),
('NCR', 'NCR', 'MANILA', 'Barangay 742'),
('NCR', 'NCR', 'MANILA', 'Barangay 743'),
('NCR', 'NCR', 'MANILA', 'Barangay 744'),
('NCR', 'NCR', 'MANILA', 'Barangay 745'),
('NCR', 'NCR', 'MANILA', 'Barangay 746'),
('NCR', 'NCR', 'MANILA', 'Barangay 747'),
('NCR', 'NCR', 'MANILA', 'Barangay 748'),
('NCR', 'NCR', 'MANILA', 'Barangay 749'),
('NCR', 'NCR', 'MANILA', 'Barangay 75'),
('NCR', 'NCR', 'MANILA', 'Barangay 750'),
('NCR', 'NCR', 'MANILA', 'Barangay 751'),
('NCR', 'NCR', 'MANILA', 'Barangay 752'),
('NCR', 'NCR', 'MANILA', 'Barangay 753'),
('NCR', 'NCR', 'MANILA', 'Barangay 754'),
('NCR', 'NCR', 'MANILA', 'Barangay 755'),
('NCR', 'NCR', 'MANILA', 'Barangay 756'),
('NCR', 'NCR', 'MANILA', 'Barangay 757'),
('NCR', 'NCR', 'MANILA', 'Barangay 758'),
('NCR', 'NCR', 'MANILA', 'Barangay 759'),
('NCR', 'NCR', 'MANILA', 'Barangay 76'),
('NCR', 'NCR', 'MANILA', 'Barangay 760'),
('NCR', 'NCR', 'MANILA', 'Barangay 761'),
('NCR', 'NCR', 'MANILA', 'Barangay 762'),
('NCR', 'NCR', 'MANILA', 'Barangay 763'),
('NCR', 'NCR', 'MANILA', 'Barangay 764'),
('NCR', 'NCR', 'MANILA', 'Barangay 765'),
('NCR', 'NCR', 'MANILA', 'Barangay 766'),
('NCR', 'NCR', 'MANILA', 'Barangay 767'),
('NCR', 'NCR', 'MANILA', 'Barangay 768'),
('NCR', 'NCR', 'MANILA', 'Barangay 769'),
('NCR', 'NCR', 'MANILA', 'Barangay 77'),
('NCR', 'NCR', 'MANILA', 'Barangay 770'),
('NCR', 'NCR', 'MANILA', 'Barangay 771'),
('NCR', 'NCR', 'MANILA', 'Barangay 772'),
('NCR', 'NCR', 'MANILA', 'Barangay 773'),
('NCR', 'NCR', 'MANILA', 'Barangay 774'),
('NCR', 'NCR', 'MANILA', 'Barangay 775'),
('NCR', 'NCR', 'MANILA', 'Barangay 776'),
('NCR', 'NCR', 'MANILA', 'Barangay 777'),
('NCR', 'NCR', 'MANILA', 'Barangay 778'),
('NCR', 'NCR', 'MANILA', 'Barangay 779'),
('NCR', 'NCR', 'MANILA', 'Barangay 78'),
('NCR', 'NCR', 'MANILA', 'Barangay 780'),
('NCR', 'NCR', 'MANILA', 'Barangay 781'),
('NCR', 'NCR', 'MANILA', 'Barangay 782'),
('NCR', 'NCR', 'MANILA', 'Barangay 783'),
('NCR', 'NCR', 'MANILA', 'Barangay 784'),
('NCR', 'NCR', 'MANILA', 'Barangay 785'),
('NCR', 'NCR', 'MANILA', 'Barangay 786'),
('NCR', 'NCR', 'MANILA', 'Barangay 787'),
('NCR', 'NCR', 'MANILA', 'Barangay 788'),
('NCR', 'NCR', 'MANILA', 'Barangay 789'),
('NCR', 'NCR', 'MANILA', 'Barangay 79'),
('NCR', 'NCR', 'MANILA', 'Barangay 790'),
('NCR', 'NCR', 'MANILA', 'Barangay 791'),
('NCR', 'NCR', 'MANILA', 'Barangay 792'),
('NCR', 'NCR', 'MANILA', 'Barangay 793'),
('NCR', 'NCR', 'MANILA', 'Barangay 794'),
('NCR', 'NCR', 'MANILA', 'Barangay 795'),
('NCR', 'NCR', 'MANILA', 'Barangay 796'),
('NCR', 'NCR', 'MANILA', 'Barangay 797'),
('NCR', 'NCR', 'MANILA', 'Barangay 798'),
('NCR', 'NCR', 'MANILA', 'Barangay 799'),
('NCR', 'NCR', 'MANILA', 'Barangay 8'),
('NCR', 'NCR', 'MANILA', 'Barangay 80'),
('NCR', 'NCR', 'MANILA', 'Barangay 800'),
('NCR', 'NCR', 'MANILA', 'Barangay 801'),
('NCR', 'NCR', 'MANILA', 'Barangay 802'),
('NCR', 'NCR', 'MANILA', 'Barangay 803'),
('NCR', 'NCR', 'MANILA', 'Barangay 804'),
('NCR', 'NCR', 'MANILA', 'Barangay 805'),
('NCR', 'NCR', 'MANILA', 'Barangay 806'),
('NCR', 'NCR', 'MANILA', 'Barangay 807'),
('NCR', 'NCR', 'MANILA', 'Barangay 808'),
('NCR', 'NCR', 'MANILA', 'Barangay 809'),
('NCR', 'NCR', 'MANILA', 'Barangay 81'),
('NCR', 'NCR', 'MANILA', 'Barangay 810'),
('NCR', 'NCR', 'MANILA', 'Barangay 811'),
('NCR', 'NCR', 'MANILA', 'Barangay 812'),
('NCR', 'NCR', 'MANILA', 'Barangay 813'),
('NCR', 'NCR', 'MANILA', 'Barangay 814'),
('NCR', 'NCR', 'MANILA', 'Barangay 815'),
('NCR', 'NCR', 'MANILA', 'Barangay 816'),
('NCR', 'NCR', 'MANILA', 'Barangay 817'),
('NCR', 'NCR', 'MANILA', 'Barangay 818'),
('NCR', 'NCR', 'MANILA', 'Barangay 818-A'),
('NCR', 'NCR', 'MANILA', 'Barangay 819'),
('NCR', 'NCR', 'MANILA', 'Barangay 82'),
('NCR', 'NCR', 'MANILA', 'Barangay 820'),
('NCR', 'NCR', 'MANILA', 'Barangay 821'),
('NCR', 'NCR', 'MANILA', 'Barangay 822'),
('NCR', 'NCR', 'MANILA', 'Barangay 823'),
('NCR', 'NCR', 'MANILA', 'Barangay 824'),
('NCR', 'NCR', 'MANILA', 'Barangay 825'),
('NCR', 'NCR', 'MANILA', 'Barangay 826'),
('NCR', 'NCR', 'MANILA', 'Barangay 827'),
('NCR', 'NCR', 'MANILA', 'Barangay 828'),
('NCR', 'NCR', 'MANILA', 'Barangay 829'),
('NCR', 'NCR', 'MANILA', 'Barangay 83'),
('NCR', 'NCR', 'MANILA', 'Barangay 830'),
('NCR', 'NCR', 'MANILA', 'Barangay 831'),
('NCR', 'NCR', 'MANILA', 'Barangay 832'),
('NCR', 'NCR', 'MANILA', 'Barangay 833'),
('NCR', 'NCR', 'MANILA', 'Barangay 834'),
('NCR', 'NCR', 'MANILA', 'Barangay 835'),
('NCR', 'NCR', 'MANILA', 'Barangay 836'),
('NCR', 'NCR', 'MANILA', 'Barangay 837'),
('NCR', 'NCR', 'MANILA', 'Barangay 838'),
('NCR', 'NCR', 'MANILA', 'Barangay 839'),
('NCR', 'NCR', 'MANILA', 'Barangay 84'),
('NCR', 'NCR', 'MANILA', 'Barangay 840'),
('NCR', 'NCR', 'MANILA', 'Barangay 841'),
('NCR', 'NCR', 'MANILA', 'Barangay 842'),
('NCR', 'NCR', 'MANILA', 'Barangay 843'),
('NCR', 'NCR', 'MANILA', 'Barangay 844'),
('NCR', 'NCR', 'MANILA', 'Barangay 845'),
('NCR', 'NCR', 'MANILA', 'Barangay 846'),
('NCR', 'NCR', 'MANILA', 'Barangay 847'),
('NCR', 'NCR', 'MANILA', 'Barangay 848'),
('NCR', 'NCR', 'MANILA', 'Barangay 849'),
('NCR', 'NCR', 'MANILA', 'Barangay 85'),
('NCR', 'NCR', 'MANILA', 'Barangay 850'),
('NCR', 'NCR', 'MANILA', 'Barangay 851'),
('NCR', 'NCR', 'MANILA', 'Barangay 852'),
('NCR', 'NCR', 'MANILA', 'Barangay 853'),
('NCR', 'NCR', 'MANILA', 'Barangay 855'),
('NCR', 'NCR', 'MANILA', 'Barangay 856'),
('NCR', 'NCR', 'MANILA', 'Barangay 857'),
('NCR', 'NCR', 'MANILA', 'Barangay 858'),
('NCR', 'NCR', 'MANILA', 'Barangay 859'),
('NCR', 'NCR', 'MANILA', 'Barangay 86'),
('NCR', 'NCR', 'MANILA', 'Barangay 860'),
('NCR', 'NCR', 'MANILA', 'Barangay 861'),
('NCR', 'NCR', 'MANILA', 'Barangay 862'),
('NCR', 'NCR', 'MANILA', 'Barangay 863'),
('NCR', 'NCR', 'MANILA', 'Barangay 864'),
('NCR', 'NCR', 'MANILA', 'Barangay 865'),
('NCR', 'NCR', 'MANILA', 'Barangay 866'),
('NCR', 'NCR', 'MANILA', 'Barangay 867'),
('NCR', 'NCR', 'MANILA', 'Barangay 868'),
('NCR', 'NCR', 'MANILA', 'Barangay 869'),
('NCR', 'NCR', 'MANILA', 'Barangay 87'),
('NCR', 'NCR', 'MANILA', 'Barangay 870'),
('NCR', 'NCR', 'MANILA', 'Barangay 871'),
('NCR', 'NCR', 'MANILA', 'Barangay 872'),
('NCR', 'NCR', 'MANILA', 'Barangay 873'),
('NCR', 'NCR', 'MANILA', 'Barangay 874'),
('NCR', 'NCR', 'MANILA', 'Barangay 875'),
('NCR', 'NCR', 'MANILA', 'Barangay 876'),
('NCR', 'NCR', 'MANILA', 'Barangay 877'),
('NCR', 'NCR', 'MANILA', 'Barangay 878'),
('NCR', 'NCR', 'MANILA', 'Barangay 879'),
('NCR', 'NCR', 'MANILA', 'Barangay 88'),
('NCR', 'NCR', 'MANILA', 'Barangay 880'),
('NCR', 'NCR', 'MANILA', 'Barangay 881'),
('NCR', 'NCR', 'MANILA', 'Barangay 882'),
('NCR', 'NCR', 'MANILA', 'Barangay 883'),
('NCR', 'NCR', 'MANILA', 'Barangay 884'),
('NCR', 'NCR', 'MANILA', 'Barangay 885'),
('NCR', 'NCR', 'MANILA', 'Barangay 886'),
('NCR', 'NCR', 'MANILA', 'Barangay 887'),
('NCR', 'NCR', 'MANILA', 'Barangay 888'),
('NCR', 'NCR', 'MANILA', 'Barangay 889'),
('NCR', 'NCR', 'MANILA', 'Barangay 89'),
('NCR', 'NCR', 'MANILA', 'Barangay 890'),
('NCR', 'NCR', 'MANILA', 'Barangay 891'),
('NCR', 'NCR', 'MANILA', 'Barangay 892'),
('NCR', 'NCR', 'MANILA', 'Barangay 893'),
('NCR', 'NCR', 'MANILA', 'Barangay 894'),
('NCR', 'NCR', 'MANILA', 'Barangay 895'),
('NCR', 'NCR', 'MANILA', 'Barangay 896'),
('NCR', 'NCR', 'MANILA', 'Barangay 897'),
('NCR', 'NCR', 'MANILA', 'Barangay 898'),
('NCR', 'NCR', 'MANILA', 'Barangay 899'),
('NCR', 'NCR', 'MANILA', 'Barangay 9'),
('NCR', 'NCR', 'MANILA', 'Barangay 90'),
('NCR', 'NCR', 'MANILA', 'Barangay 900'),
('NCR', 'NCR', 'MANILA', 'Barangay 901'),
('NCR', 'NCR', 'MANILA', 'Barangay 902'),
('NCR', 'NCR', 'MANILA', 'Barangay 903'),
('NCR', 'NCR', 'MANILA', 'Barangay 904'),
('NCR', 'NCR', 'MANILA', 'Barangay 905'),
('NCR', 'NCR', 'MANILA', 'Barangay 91'),
('NCR', 'NCR', 'MANILA', 'Barangay 92'),
('NCR', 'NCR', 'MANILA', 'Barangay 93'),
('NCR', 'NCR', 'MANILA', 'Barangay 94'),
('NCR', 'NCR', 'MANILA', 'Barangay 95'),
('NCR', 'NCR', 'MANILA', 'Barangay 96'),
('NCR', 'NCR', 'MANILA', 'Barangay 97'),
('NCR', 'NCR', 'MANILA', 'Barangay 98'),
('NCR', 'NCR', 'MANILA', 'Barangay 99'),
('NCR', 'NCR', 'MARIKINA', 'Barangka'),
('NCR', 'NCR', 'MARIKINA', 'Calumpang'),
('NCR', 'NCR', 'MARIKINA', 'Concepcion Dos'),
('NCR', 'NCR', 'MARIKINA', 'Concepcion Uno'),
('NCR', 'NCR', 'MARIKINA', 'Fortune'),
('NCR', 'NCR', 'MARIKINA', 'Industrial Valley'),
('NCR', 'NCR', 'MARIKINA', 'Jesus De La Pe?a'),
('NCR', 'NCR', 'MARIKINA', 'Malanday'),
('NCR', 'NCR', 'MARIKINA', 'Marikina Heights (Concepcion)'),
('NCR', 'NCR', 'MARIKINA', 'Nangka'),
('NCR', 'NCR', 'MARIKINA', 'Parang'),
('NCR', 'NCR', 'MARIKINA', 'San Roque'),
('NCR', 'NCR', 'MARIKINA', 'Santa Elena (Pob.)'),
('NCR', 'NCR', 'MARIKINA', 'Santo Ni?o'),
('NCR', 'NCR', 'MARIKINA', 'Ta?ong'),
('NCR', 'NCR', 'MARIKINA', 'Tumana'),
('NCR', 'NCR', 'MUNTINLUPA', 'Alabang'),
('NCR', 'NCR', 'MUNTINLUPA', 'Bayanan'),
('NCR', 'NCR', 'MUNTINLUPA', 'Buli'),
('NCR', 'NCR', 'MUNTINLUPA', 'Cupang'),
('NCR', 'NCR', 'MUNTINLUPA', 'New Alabang Village'),
('NCR', 'NCR', 'MUNTINLUPA', 'Poblacion'),
('NCR', 'NCR', 'MUNTINLUPA', 'Putatan'),
('NCR', 'NCR', 'MUNTINLUPA', 'Sucat'),
('NCR', 'NCR', 'MUNTINLUPA', 'Tunasan'),
('NCR', 'NCR', 'NAVOTAS', 'Bagumbayan North'),
('NCR', 'NCR', 'NAVOTAS', 'Bagumbayan South'),
('NCR', 'NCR', 'NAVOTAS', 'Bangculasi'),
('NCR', 'NCR', 'NAVOTAS', 'Daanghari'),
('NCR', 'NCR', 'NAVOTAS', 'Navotas East'),
('NCR', 'NCR', 'NAVOTAS', 'Navotas West');
INSERT INTO `tbl_barangays` (`bgy_region`, `bgy_province`, `bgy_city_mun`, `bgy_barangay`) VALUES
('NCR', 'NCR', 'NAVOTAS', 'North Bay Blvd., North'),
('NCR', 'NCR', 'NAVOTAS', 'North Bay Blvd., South'),
('NCR', 'NCR', 'NAVOTAS', 'San Jose (Pob.)'),
('NCR', 'NCR', 'NAVOTAS', 'San Rafael Village'),
('NCR', 'NCR', 'NAVOTAS', 'San Roque'),
('NCR', 'NCR', 'NAVOTAS', 'Sipac-Almacen'),
('NCR', 'NCR', 'NAVOTAS', 'Tangos'),
('NCR', 'NCR', 'NAVOTAS', 'Tanza'),
('NCR', 'NCR', 'PARA?AQUE', 'B. F. Homes'),
('NCR', 'NCR', 'PARA?AQUE', 'Baclaran'),
('NCR', 'NCR', 'PARA?AQUE', 'Don Bosco'),
('NCR', 'NCR', 'PARA?AQUE', 'Don Galo'),
('NCR', 'NCR', 'PARA?AQUE', 'La Huerta'),
('NCR', 'NCR', 'PARA?AQUE', 'Marcelo Green Village'),
('NCR', 'NCR', 'PARA?AQUE', 'Merville'),
('NCR', 'NCR', 'PARA?AQUE', 'Moonwalk'),
('NCR', 'NCR', 'PARA?AQUE', 'San Antonio'),
('NCR', 'NCR', 'PARA?AQUE', 'San Dionisio'),
('NCR', 'NCR', 'PARA?AQUE', 'San Isidro'),
('NCR', 'NCR', 'PARA?AQUE', 'San Martin De Porres'),
('NCR', 'NCR', 'PARA?AQUE', 'Santo Ni?o'),
('NCR', 'NCR', 'PARA?AQUE', 'Sun Valley'),
('NCR', 'NCR', 'PARA?AQUE', 'Tambo'),
('NCR', 'NCR', 'PARA?AQUE', 'Vitalez'),
('NCR', 'NCR', 'PASAY CITY', 'Barangay 1'),
('NCR', 'NCR', 'PASAY CITY', 'Barangay 10'),
('NCR', 'NCR', 'PASAY CITY', 'Barangay 100'),
('NCR', 'NCR', 'PASAY CITY', 'Barangay 101'),
('NCR', 'NCR', 'PASAY CITY', 'Barangay 102'),
('NCR', 'NCR', 'PASAY CITY', 'Barangay 103'),
('NCR', 'NCR', 'PASAY CITY', 'Barangay 104'),
('NCR', 'NCR', 'PASAY CITY', 'Barangay 105'),
('NCR', 'NCR', 'PASAY CITY', 'Barangay 106'),
('NCR', 'NCR', 'PASAY CITY', 'Barangay 107'),
('NCR', 'NCR', 'PASAY CITY', 'Barangay 108'),
('NCR', 'NCR', 'PASAY CITY', 'Barangay 109'),
('NCR', 'NCR', 'PASAY CITY', 'Barangay 11'),
('NCR', 'NCR', 'PASAY CITY', 'Barangay 110'),
('NCR', 'NCR', 'PASAY CITY', 'Barangay 111'),
('NCR', 'NCR', 'PASAY CITY', 'Barangay 112'),
('NCR', 'NCR', 'PASAY CITY', 'Barangay 113'),
('NCR', 'NCR', 'PASAY CITY', 'Barangay 114'),
('NCR', 'NCR', 'PASAY CITY', 'Barangay 115'),
('NCR', 'NCR', 'PASAY CITY', 'Barangay 116'),
('NCR', 'NCR', 'PASAY CITY', 'Barangay 117'),
('NCR', 'NCR', 'PASAY CITY', 'Barangay 118'),
('NCR', 'NCR', 'PASAY CITY', 'Barangay 119'),
('NCR', 'NCR', 'PASAY CITY', 'Barangay 12'),
('NCR', 'NCR', 'PASAY CITY', 'Barangay 120'),
('NCR', 'NCR', 'PASAY CITY', 'Barangay 121'),
('NCR', 'NCR', 'PASAY CITY', 'Barangay 122'),
('NCR', 'NCR', 'PASAY CITY', 'Barangay 123'),
('NCR', 'NCR', 'PASAY CITY', 'Barangay 124'),
('NCR', 'NCR', 'PASAY CITY', 'Barangay 125'),
('NCR', 'NCR', 'PASAY CITY', 'Barangay 126'),
('NCR', 'NCR', 'PASAY CITY', 'Barangay 127'),
('NCR', 'NCR', 'PASAY CITY', 'Barangay 128'),
('NCR', 'NCR', 'PASAY CITY', 'Barangay 129'),
('NCR', 'NCR', 'PASAY CITY', 'Barangay 13'),
('NCR', 'NCR', 'PASAY CITY', 'Barangay 130'),
('NCR', 'NCR', 'PASAY CITY', 'Barangay 131'),
('NCR', 'NCR', 'PASAY CITY', 'Barangay 132'),
('NCR', 'NCR', 'PASAY CITY', 'Barangay 133'),
('NCR', 'NCR', 'PASAY CITY', 'Barangay 134'),
('NCR', 'NCR', 'PASAY CITY', 'Barangay 135'),
('NCR', 'NCR', 'PASAY CITY', 'Barangay 136'),
('NCR', 'NCR', 'PASAY CITY', 'Barangay 137'),
('NCR', 'NCR', 'PASAY CITY', 'Barangay 138'),
('NCR', 'NCR', 'PASAY CITY', 'Barangay 139'),
('NCR', 'NCR', 'PASAY CITY', 'Barangay 14'),
('NCR', 'NCR', 'PASAY CITY', 'Barangay 140'),
('NCR', 'NCR', 'PASAY CITY', 'Barangay 141'),
('NCR', 'NCR', 'PASAY CITY', 'Barangay 142'),
('NCR', 'NCR', 'PASAY CITY', 'Barangay 143'),
('NCR', 'NCR', 'PASAY CITY', 'Barangay 144'),
('NCR', 'NCR', 'PASAY CITY', 'Barangay 145'),
('NCR', 'NCR', 'PASAY CITY', 'Barangay 146'),
('NCR', 'NCR', 'PASAY CITY', 'Barangay 147'),
('NCR', 'NCR', 'PASAY CITY', 'Barangay 148'),
('NCR', 'NCR', 'PASAY CITY', 'Barangay 149'),
('NCR', 'NCR', 'PASAY CITY', 'Barangay 15'),
('NCR', 'NCR', 'PASAY CITY', 'Barangay 150'),
('NCR', 'NCR', 'PASAY CITY', 'Barangay 151'),
('NCR', 'NCR', 'PASAY CITY', 'Barangay 152'),
('NCR', 'NCR', 'PASAY CITY', 'Barangay 153'),
('NCR', 'NCR', 'PASAY CITY', 'Barangay 154'),
('NCR', 'NCR', 'PASAY CITY', 'Barangay 155'),
('NCR', 'NCR', 'PASAY CITY', 'Barangay 156'),
('NCR', 'NCR', 'PASAY CITY', 'Barangay 157'),
('NCR', 'NCR', 'PASAY CITY', 'Barangay 158'),
('NCR', 'NCR', 'PASAY CITY', 'Barangay 159'),
('NCR', 'NCR', 'PASAY CITY', 'Barangay 16'),
('NCR', 'NCR', 'PASAY CITY', 'Barangay 160'),
('NCR', 'NCR', 'PASAY CITY', 'Barangay 161'),
('NCR', 'NCR', 'PASAY CITY', 'Barangay 162'),
('NCR', 'NCR', 'PASAY CITY', 'Barangay 163'),
('NCR', 'NCR', 'PASAY CITY', 'Barangay 164'),
('NCR', 'NCR', 'PASAY CITY', 'Barangay 165'),
('NCR', 'NCR', 'PASAY CITY', 'Barangay 166'),
('NCR', 'NCR', 'PASAY CITY', 'Barangay 167'),
('NCR', 'NCR', 'PASAY CITY', 'Barangay 168'),
('NCR', 'NCR', 'PASAY CITY', 'Barangay 169'),
('NCR', 'NCR', 'PASAY CITY', 'Barangay 17'),
('NCR', 'NCR', 'PASAY CITY', 'Barangay 170'),
('NCR', 'NCR', 'PASAY CITY', 'Barangay 171'),
('NCR', 'NCR', 'PASAY CITY', 'Barangay 172'),
('NCR', 'NCR', 'PASAY CITY', 'Barangay 173'),
('NCR', 'NCR', 'PASAY CITY', 'Barangay 174'),
('NCR', 'NCR', 'PASAY CITY', 'Barangay 175'),
('NCR', 'NCR', 'PASAY CITY', 'Barangay 176'),
('NCR', 'NCR', 'PASAY CITY', 'Barangay 177'),
('NCR', 'NCR', 'PASAY CITY', 'Barangay 178'),
('NCR', 'NCR', 'PASAY CITY', 'Barangay 179'),
('NCR', 'NCR', 'PASAY CITY', 'Barangay 18'),
('NCR', 'NCR', 'PASAY CITY', 'Barangay 180'),
('NCR', 'NCR', 'PASAY CITY', 'Barangay 181'),
('NCR', 'NCR', 'PASAY CITY', 'Barangay 182'),
('NCR', 'NCR', 'PASAY CITY', 'Barangay 183'),
('NCR', 'NCR', 'PASAY CITY', 'Barangay 184'),
('NCR', 'NCR', 'PASAY CITY', 'Barangay 185'),
('NCR', 'NCR', 'PASAY CITY', 'Barangay 186'),
('NCR', 'NCR', 'PASAY CITY', 'Barangay 187'),
('NCR', 'NCR', 'PASAY CITY', 'Barangay 188'),
('NCR', 'NCR', 'PASAY CITY', 'Barangay 189'),
('NCR', 'NCR', 'PASAY CITY', 'Barangay 19'),
('NCR', 'NCR', 'PASAY CITY', 'Barangay 190'),
('NCR', 'NCR', 'PASAY CITY', 'Barangay 191'),
('NCR', 'NCR', 'PASAY CITY', 'Barangay 192'),
('NCR', 'NCR', 'PASAY CITY', 'Barangay 193'),
('NCR', 'NCR', 'PASAY CITY', 'Barangay 194'),
('NCR', 'NCR', 'PASAY CITY', 'Barangay 195'),
('NCR', 'NCR', 'PASAY CITY', 'Barangay 196'),
('NCR', 'NCR', 'PASAY CITY', 'Barangay 197'),
('NCR', 'NCR', 'PASAY CITY', 'Barangay 198'),
('NCR', 'NCR', 'PASAY CITY', 'Barangay 199'),
('NCR', 'NCR', 'PASAY CITY', 'Barangay 2'),
('NCR', 'NCR', 'PASAY CITY', 'Barangay 20'),
('NCR', 'NCR', 'PASAY CITY', 'Barangay 200'),
('NCR', 'NCR', 'PASAY CITY', 'Barangay 201'),
('NCR', 'NCR', 'PASAY CITY', 'Barangay 21'),
('NCR', 'NCR', 'PASAY CITY', 'Barangay 22'),
('NCR', 'NCR', 'PASAY CITY', 'Barangay 23'),
('NCR', 'NCR', 'PASAY CITY', 'Barangay 24'),
('NCR', 'NCR', 'PASAY CITY', 'Barangay 25'),
('NCR', 'NCR', 'PASAY CITY', 'Barangay 26'),
('NCR', 'NCR', 'PASAY CITY', 'Barangay 27'),
('NCR', 'NCR', 'PASAY CITY', 'Barangay 28'),
('NCR', 'NCR', 'PASAY CITY', 'Barangay 29'),
('NCR', 'NCR', 'PASAY CITY', 'Barangay 3'),
('NCR', 'NCR', 'PASAY CITY', 'Barangay 30'),
('NCR', 'NCR', 'PASAY CITY', 'Barangay 31'),
('NCR', 'NCR', 'PASAY CITY', 'Barangay 32'),
('NCR', 'NCR', 'PASAY CITY', 'Barangay 33'),
('NCR', 'NCR', 'PASAY CITY', 'Barangay 34'),
('NCR', 'NCR', 'PASAY CITY', 'Barangay 35'),
('NCR', 'NCR', 'PASAY CITY', 'Barangay 36'),
('NCR', 'NCR', 'PASAY CITY', 'Barangay 37'),
('NCR', 'NCR', 'PASAY CITY', 'Barangay 38'),
('NCR', 'NCR', 'PASAY CITY', 'Barangay 39'),
('NCR', 'NCR', 'PASAY CITY', 'Barangay 4'),
('NCR', 'NCR', 'PASAY CITY', 'Barangay 40'),
('NCR', 'NCR', 'PASAY CITY', 'Barangay 41'),
('NCR', 'NCR', 'PASAY CITY', 'Barangay 42'),
('NCR', 'NCR', 'PASAY CITY', 'Barangay 43'),
('NCR', 'NCR', 'PASAY CITY', 'Barangay 44'),
('NCR', 'NCR', 'PASAY CITY', 'Barangay 45'),
('NCR', 'NCR', 'PASAY CITY', 'Barangay 46'),
('NCR', 'NCR', 'PASAY CITY', 'Barangay 47'),
('NCR', 'NCR', 'PASAY CITY', 'Barangay 48'),
('NCR', 'NCR', 'PASAY CITY', 'Barangay 49'),
('NCR', 'NCR', 'PASAY CITY', 'Barangay 5'),
('NCR', 'NCR', 'PASAY CITY', 'Barangay 50'),
('NCR', 'NCR', 'PASAY CITY', 'Barangay 51'),
('NCR', 'NCR', 'PASAY CITY', 'Barangay 52'),
('NCR', 'NCR', 'PASAY CITY', 'Barangay 53'),
('NCR', 'NCR', 'PASAY CITY', 'Barangay 54'),
('NCR', 'NCR', 'PASAY CITY', 'Barangay 55'),
('NCR', 'NCR', 'PASAY CITY', 'Barangay 56'),
('NCR', 'NCR', 'PASAY CITY', 'Barangay 57'),
('NCR', 'NCR', 'PASAY CITY', 'Barangay 58'),
('NCR', 'NCR', 'PASAY CITY', 'Barangay 59'),
('NCR', 'NCR', 'PASAY CITY', 'Barangay 6'),
('NCR', 'NCR', 'PASAY CITY', 'Barangay 60'),
('NCR', 'NCR', 'PASAY CITY', 'Barangay 61'),
('NCR', 'NCR', 'PASAY CITY', 'Barangay 62'),
('NCR', 'NCR', 'PASAY CITY', 'Barangay 63'),
('NCR', 'NCR', 'PASAY CITY', 'Barangay 64'),
('NCR', 'NCR', 'PASAY CITY', 'Barangay 65'),
('NCR', 'NCR', 'PASAY CITY', 'Barangay 66'),
('NCR', 'NCR', 'PASAY CITY', 'Barangay 67'),
('NCR', 'NCR', 'PASAY CITY', 'Barangay 68'),
('NCR', 'NCR', 'PASAY CITY', 'Barangay 69'),
('NCR', 'NCR', 'PASAY CITY', 'Barangay 7'),
('NCR', 'NCR', 'PASAY CITY', 'Barangay 70'),
('NCR', 'NCR', 'PASAY CITY', 'Barangay 71'),
('NCR', 'NCR', 'PASAY CITY', 'Barangay 72'),
('NCR', 'NCR', 'PASAY CITY', 'Barangay 73'),
('NCR', 'NCR', 'PASAY CITY', 'Barangay 74'),
('NCR', 'NCR', 'PASAY CITY', 'Barangay 75'),
('NCR', 'NCR', 'PASAY CITY', 'Barangay 76'),
('NCR', 'NCR', 'PASAY CITY', 'Barangay 77'),
('NCR', 'NCR', 'PASAY CITY', 'Barangay 78'),
('NCR', 'NCR', 'PASAY CITY', 'Barangay 79'),
('NCR', 'NCR', 'PASAY CITY', 'Barangay 8'),
('NCR', 'NCR', 'PASAY CITY', 'Barangay 80'),
('NCR', 'NCR', 'PASAY CITY', 'Barangay 81'),
('NCR', 'NCR', 'PASAY CITY', 'Barangay 82'),
('NCR', 'NCR', 'PASAY CITY', 'Barangay 83'),
('NCR', 'NCR', 'PASAY CITY', 'Barangay 84'),
('NCR', 'NCR', 'PASAY CITY', 'Barangay 85'),
('NCR', 'NCR', 'PASAY CITY', 'Barangay 86'),
('NCR', 'NCR', 'PASAY CITY', 'Barangay 87'),
('NCR', 'NCR', 'PASAY CITY', 'Barangay 88'),
('NCR', 'NCR', 'PASAY CITY', 'Barangay 89'),
('NCR', 'NCR', 'PASAY CITY', 'Barangay 9'),
('NCR', 'NCR', 'PASAY CITY', 'Barangay 90'),
('NCR', 'NCR', 'PASAY CITY', 'Barangay 91'),
('NCR', 'NCR', 'PASAY CITY', 'Barangay 92'),
('NCR', 'NCR', 'PASAY CITY', 'Barangay 93'),
('NCR', 'NCR', 'PASAY CITY', 'Barangay 94'),
('NCR', 'NCR', 'PASAY CITY', 'Barangay 95'),
('NCR', 'NCR', 'PASAY CITY', 'Barangay 96'),
('NCR', 'NCR', 'PASAY CITY', 'Barangay 97'),
('NCR', 'NCR', 'PASAY CITY', 'Barangay 98'),
('NCR', 'NCR', 'PASAY CITY', 'Barangay 99'),
('NCR', 'NCR', 'PASIG', 'Bagong Ilog'),
('NCR', 'NCR', 'PASIG', 'Bagong Katipunan'),
('NCR', 'NCR', 'PASIG', 'Bambang'),
('NCR', 'NCR', 'PASIG', 'Buting'),
('NCR', 'NCR', 'PASIG', 'Caniogan'),
('NCR', 'NCR', 'PASIG', 'Dela Paz'),
('NCR', 'NCR', 'PASIG', 'Kalawaan'),
('NCR', 'NCR', 'PASIG', 'Kapasigan'),
('NCR', 'NCR', 'PASIG', 'Kapitolyo'),
('NCR', 'NCR', 'PASIG', 'Malinao'),
('NCR', 'NCR', 'PASIG', 'Manggahan'),
('NCR', 'NCR', 'PASIG', 'Maybunga'),
('NCR', 'NCR', 'PASIG', 'Oranbo'),
('NCR', 'NCR', 'PASIG', 'Palatiw'),
('NCR', 'NCR', 'PASIG', 'Pinagbuhatan'),
('NCR', 'NCR', 'PASIG', 'Pineda'),
('NCR', 'NCR', 'PASIG', 'Rosario'),
('NCR', 'NCR', 'PASIG', 'Sagad'),
('NCR', 'NCR', 'PASIG', 'San Antonio'),
('NCR', 'NCR', 'PASIG', 'San Joaquin'),
('NCR', 'NCR', 'PASIG', 'San Jose'),
('NCR', 'NCR', 'PASIG', 'San Miguel'),
('NCR', 'NCR', 'PASIG', 'San Nicolas (Pob.)'),
('NCR', 'NCR', 'PASIG', 'Santa Cruz'),
('NCR', 'NCR', 'PASIG', 'Santa Lucia'),
('NCR', 'NCR', 'PASIG', 'Santa Rosa'),
('NCR', 'NCR', 'PASIG', 'Santo Tomas'),
('NCR', 'NCR', 'PASIG', 'Santolan'),
('NCR', 'NCR', 'PASIG', 'Sumilang'),
('NCR', 'NCR', 'PASIG', 'Ugong'),
('NCR', 'NCR', 'PATEROS', 'Aguho'),
('NCR', 'NCR', 'PATEROS', 'Magtanggol'),
('NCR', 'NCR', 'PATEROS', 'Martires Del 96'),
('NCR', 'NCR', 'PATEROS', 'Poblacion'),
('NCR', 'NCR', 'PATEROS', 'San Pedro'),
('NCR', 'NCR', 'PATEROS', 'San Roque'),
('NCR', 'NCR', 'PATEROS', 'Santa Ana'),
('NCR', 'NCR', 'PATEROS', 'Santo Rosario-Kanluran'),
('NCR', 'NCR', 'PATEROS', 'Santo Rosario-Silangan'),
('NCR', 'NCR', 'PATEROS', 'Tabacalera'),
('NCR', 'NCR', 'QUEZON CITY', 'Alicia'),
('NCR', 'NCR', 'QUEZON CITY', 'Amihan'),
('NCR', 'NCR', 'QUEZON CITY', 'Apolonio Samson'),
('NCR', 'NCR', 'QUEZON CITY', 'Aurora'),
('NCR', 'NCR', 'QUEZON CITY', 'Baesa'),
('NCR', 'NCR', 'QUEZON CITY', 'Bagbag'),
('NCR', 'NCR', 'QUEZON CITY', 'Bagong Lipunan Ng Crame'),
('NCR', 'NCR', 'QUEZON CITY', 'Bagong Pag-asa'),
('NCR', 'NCR', 'QUEZON CITY', 'Bagong Silangan'),
('NCR', 'NCR', 'QUEZON CITY', 'Bagumbayan'),
('NCR', 'NCR', 'QUEZON CITY', 'Bagumbuhay'),
('NCR', 'NCR', 'QUEZON CITY', 'Bahay Toro'),
('NCR', 'NCR', 'QUEZON CITY', 'Balingasa'),
('NCR', 'NCR', 'QUEZON CITY', 'Balong Bato'),
('NCR', 'NCR', 'QUEZON CITY', 'Batasan Hills'),
('NCR', 'NCR', 'QUEZON CITY', 'Bayanihan'),
('NCR', 'NCR', 'QUEZON CITY', 'Blue Ridge A'),
('NCR', 'NCR', 'QUEZON CITY', 'Blue Ridge B'),
('NCR', 'NCR', 'QUEZON CITY', 'Botocan'),
('NCR', 'NCR', 'QUEZON CITY', 'Bungad'),
('NCR', 'NCR', 'QUEZON CITY', 'Camp Aguinaldo'),
('NCR', 'NCR', 'QUEZON CITY', 'Capri'),
('NCR', 'NCR', 'QUEZON CITY', 'Central'),
('NCR', 'NCR', 'QUEZON CITY', 'Claro'),
('NCR', 'NCR', 'QUEZON CITY', 'Commonwealth'),
('NCR', 'NCR', 'QUEZON CITY', 'Culiat'),
('NCR', 'NCR', 'QUEZON CITY', 'Damar'),
('NCR', 'NCR', 'QUEZON CITY', 'Damayan'),
('NCR', 'NCR', 'QUEZON CITY', 'Damayang Lagi'),
('NCR', 'NCR', 'QUEZON CITY', 'Del Monte'),
('NCR', 'NCR', 'QUEZON CITY', 'Dioquino Zobel'),
('NCR', 'NCR', 'QUEZON CITY', 'Do?a Imelda'),
('NCR', 'NCR', 'QUEZON CITY', 'Do?a Josefa'),
('NCR', 'NCR', 'QUEZON CITY', 'Don Manuel'),
('NCR', 'NCR', 'QUEZON CITY', 'Duyan-duyan'),
('NCR', 'NCR', 'QUEZON CITY', 'E. Rodriguez'),
('NCR', 'NCR', 'QUEZON CITY', 'East Kamias'),
('NCR', 'NCR', 'QUEZON CITY', 'Escopa I'),
('NCR', 'NCR', 'QUEZON CITY', 'Escopa II'),
('NCR', 'NCR', 'QUEZON CITY', 'Escopa III'),
('NCR', 'NCR', 'QUEZON CITY', 'Escopa IV'),
('NCR', 'NCR', 'QUEZON CITY', 'Fairview'),
('NCR', 'NCR', 'QUEZON CITY', 'Greater Lagro'),
('NCR', 'NCR', 'QUEZON CITY', 'Gulod'),
('NCR', 'NCR', 'QUEZON CITY', 'Holy Spirit'),
('NCR', 'NCR', 'QUEZON CITY', 'Horseshoe'),
('NCR', 'NCR', 'QUEZON CITY', 'Immaculate Concepcion'),
('NCR', 'NCR', 'QUEZON CITY', 'Kaligayahan'),
('NCR', 'NCR', 'QUEZON CITY', 'Kalusugan'),
('NCR', 'NCR', 'QUEZON CITY', 'Kamuning'),
('NCR', 'NCR', 'QUEZON CITY', 'Katipunan'),
('NCR', 'NCR', 'QUEZON CITY', 'Kaunlaran'),
('NCR', 'NCR', 'QUEZON CITY', 'Kristong Hari'),
('NCR', 'NCR', 'QUEZON CITY', 'Krus Na Ligas'),
('NCR', 'NCR', 'QUEZON CITY', 'Laging Handa'),
('NCR', 'NCR', 'QUEZON CITY', 'Libis'),
('NCR', 'NCR', 'QUEZON CITY', 'Lourdes'),
('NCR', 'NCR', 'QUEZON CITY', 'Loyola Heights'),
('NCR', 'NCR', 'QUEZON CITY', 'Maharlika'),
('NCR', 'NCR', 'QUEZON CITY', 'Malaya'),
('NCR', 'NCR', 'QUEZON CITY', 'Mangga'),
('NCR', 'NCR', 'QUEZON CITY', 'Manresa'),
('NCR', 'NCR', 'QUEZON CITY', 'Mariana'),
('NCR', 'NCR', 'QUEZON CITY', 'Mariblo'),
('NCR', 'NCR', 'QUEZON CITY', 'Marilag'),
('NCR', 'NCR', 'QUEZON CITY', 'Masagana'),
('NCR', 'NCR', 'QUEZON CITY', 'Masambong'),
('NCR', 'NCR', 'QUEZON CITY', 'Matandang Balara'),
('NCR', 'NCR', 'QUEZON CITY', 'Milagrosa'),
('NCR', 'NCR', 'QUEZON CITY', 'N.S. Amoranto (Gintong Silahis'),
('NCR', 'NCR', 'QUEZON CITY', 'Nagkaisang Nayon'),
('NCR', 'NCR', 'QUEZON CITY', 'Nayong Kanluran'),
('NCR', 'NCR', 'QUEZON CITY', 'New Era (Constitution Hills)'),
('NCR', 'NCR', 'QUEZON CITY', 'North Fairview'),
('NCR', 'NCR', 'QUEZON CITY', 'Novaliches Proper'),
('NCR', 'NCR', 'QUEZON CITY', 'Obrero'),
('NCR', 'NCR', 'QUEZON CITY', 'Old Capitol Site'),
('NCR', 'NCR', 'QUEZON CITY', 'Paang Bundok'),
('NCR', 'NCR', 'QUEZON CITY', 'Pag-ibig Sa Nayon'),
('NCR', 'NCR', 'QUEZON CITY', 'Paligsahan'),
('NCR', 'NCR', 'QUEZON CITY', 'Paltok'),
('NCR', 'NCR', 'QUEZON CITY', 'Pansol'),
('NCR', 'NCR', 'QUEZON CITY', 'Paraiso'),
('NCR', 'NCR', 'QUEZON CITY', 'Pasong Putik Proper (Pasong Pu'),
('NCR', 'NCR', 'QUEZON CITY', 'Pasong Tamo'),
('NCR', 'NCR', 'QUEZON CITY', 'Payatas'),
('NCR', 'NCR', 'QUEZON CITY', 'Phil-Am'),
('NCR', 'NCR', 'QUEZON CITY', 'Pinagkaisahan'),
('NCR', 'NCR', 'QUEZON CITY', 'Pinyahan'),
('NCR', 'NCR', 'QUEZON CITY', 'Project 6'),
('NCR', 'NCR', 'QUEZON CITY', 'Quirino 2-A'),
('NCR', 'NCR', 'QUEZON CITY', 'Quirino 2-B'),
('NCR', 'NCR', 'QUEZON CITY', 'Quirino 2-C'),
('NCR', 'NCR', 'QUEZON CITY', 'Quirino 3-A'),
('NCR', 'NCR', 'QUEZON CITY', 'Ramon Magsaysay'),
('NCR', 'NCR', 'QUEZON CITY', 'Roxas'),
('NCR', 'NCR', 'QUEZON CITY', 'Sacred Heart'),
('NCR', 'NCR', 'QUEZON CITY', 'Saint Ignatius'),
('NCR', 'NCR', 'QUEZON CITY', 'Saint Peter'),
('NCR', 'NCR', 'QUEZON CITY', 'Salvacion'),
('NCR', 'NCR', 'QUEZON CITY', 'San Agustin'),
('NCR', 'NCR', 'QUEZON CITY', 'San Antonio'),
('NCR', 'NCR', 'QUEZON CITY', 'San Bartolome'),
('NCR', 'NCR', 'QUEZON CITY', 'San Isidro'),
('NCR', 'NCR', 'QUEZON CITY', 'San Isidro Labrador'),
('NCR', 'NCR', 'QUEZON CITY', 'San Jose'),
('NCR', 'NCR', 'QUEZON CITY', 'San Martin De Porres'),
('NCR', 'NCR', 'QUEZON CITY', 'San Roque'),
('NCR', 'NCR', 'QUEZON CITY', 'San Vicente'),
('NCR', 'NCR', 'QUEZON CITY', 'Sangandaan'),
('NCR', 'NCR', 'QUEZON CITY', 'Santa Cruz'),
('NCR', 'NCR', 'QUEZON CITY', 'Santa Lucia'),
('NCR', 'NCR', 'QUEZON CITY', 'Santa Monica'),
('NCR', 'NCR', 'QUEZON CITY', 'Santa Teresita'),
('NCR', 'NCR', 'QUEZON CITY', 'Santo Cristo'),
('NCR', 'NCR', 'QUEZON CITY', 'Santo Domingo (Matalahib)'),
('NCR', 'NCR', 'QUEZON CITY', 'Santo Ni?o'),
('NCR', 'NCR', 'QUEZON CITY', 'Santol'),
('NCR', 'NCR', 'QUEZON CITY', 'Sauyo'),
('NCR', 'NCR', 'QUEZON CITY', 'Sienna'),
('NCR', 'NCR', 'QUEZON CITY', 'Sikatuna Village'),
('NCR', 'NCR', 'QUEZON CITY', 'Silangan'),
('NCR', 'NCR', 'QUEZON CITY', 'Socorro'),
('NCR', 'NCR', 'QUEZON CITY', 'South Triangle'),
('NCR', 'NCR', 'QUEZON CITY', 'Tagumpay'),
('NCR', 'NCR', 'QUEZON CITY', 'Talayan'),
('NCR', 'NCR', 'QUEZON CITY', 'Talipapa'),
('NCR', 'NCR', 'QUEZON CITY', 'Tandang Sora'),
('NCR', 'NCR', 'QUEZON CITY', 'Tatalon'),
('NCR', 'NCR', 'QUEZON CITY', 'Teachers Village East'),
('NCR', 'NCR', 'QUEZON CITY', 'Teachers Village West'),
('NCR', 'NCR', 'QUEZON CITY', 'U.P. Campus'),
('NCR', 'NCR', 'QUEZON CITY', 'U.P. Village'),
('NCR', 'NCR', 'QUEZON CITY', 'Ugong Norte'),
('NCR', 'NCR', 'QUEZON CITY', 'Unang Sigaw'),
('NCR', 'NCR', 'QUEZON CITY', 'Valencia'),
('NCR', 'NCR', 'QUEZON CITY', 'Vasra'),
('NCR', 'NCR', 'QUEZON CITY', 'Veterans Village'),
('NCR', 'NCR', 'QUEZON CITY', 'Villa Maria Clara'),
('NCR', 'NCR', 'QUEZON CITY', 'West Kamias'),
('NCR', 'NCR', 'QUEZON CITY', 'West Triangle'),
('NCR', 'NCR', 'QUEZON CITY', 'White Plains'),
('NCR', 'NCR', 'SAN JUAN', 'Addition Hills'),
('NCR', 'NCR', 'SAN JUAN', 'Balong-Bato'),
('NCR', 'NCR', 'SAN JUAN', 'Batis'),
('NCR', 'NCR', 'SAN JUAN', 'Corazon De Jesus'),
('NCR', 'NCR', 'SAN JUAN', 'Ermita?o'),
('NCR', 'NCR', 'SAN JUAN', 'Greenhills'),
('NCR', 'NCR', 'SAN JUAN', 'Halo-halo (St. Joseph)'),
('NCR', 'NCR', 'SAN JUAN', 'Isabelita'),
('NCR', 'NCR', 'SAN JUAN', 'Kabayanan'),
('NCR', 'NCR', 'SAN JUAN', 'Little Baguio'),
('NCR', 'NCR', 'SAN JUAN', 'Maytunas'),
('NCR', 'NCR', 'SAN JUAN', 'Onse'),
('NCR', 'NCR', 'SAN JUAN', 'Pasade?a'),
('NCR', 'NCR', 'SAN JUAN', 'Pedro Cruz'),
('NCR', 'NCR', 'SAN JUAN', 'Progreso'),
('NCR', 'NCR', 'SAN JUAN', 'Rivera'),
('NCR', 'NCR', 'SAN JUAN', 'Salapan'),
('NCR', 'NCR', 'SAN JUAN', 'San Perfecto'),
('NCR', 'NCR', 'SAN JUAN', 'Santa Lucia'),
('NCR', 'NCR', 'SAN JUAN', 'Tibagan'),
('NCR', 'NCR', 'SAN JUAN', 'West Crame'),
('NCR', 'NCR', 'TAGUIG CITY', 'Bagumbayan'),
('NCR', 'NCR', 'TAGUIG CITY', 'Bambang'),
('NCR', 'NCR', 'TAGUIG CITY', 'Calzada'),
('NCR', 'NCR', 'TAGUIG CITY', 'Central Bicutan'),
('NCR', 'NCR', 'TAGUIG CITY', 'Central Signal Village'),
('NCR', 'NCR', 'TAGUIG CITY', 'Fort Bonifacio'),
('NCR', 'NCR', 'TAGUIG CITY', 'Hagonoy'),
('NCR', 'NCR', 'TAGUIG CITY', 'Ibayo-Tipas'),
('NCR', 'NCR', 'TAGUIG CITY', 'Katuparan'),
('NCR', 'NCR', 'TAGUIG CITY', 'Ligid-Tipas'),
('NCR', 'NCR', 'TAGUIG CITY', 'Lower Bicutan'),
('NCR', 'NCR', 'TAGUIG CITY', 'Maharlika Village'),
('NCR', 'NCR', 'TAGUIG CITY', 'Napindan'),
('NCR', 'NCR', 'TAGUIG CITY', 'New Lower Bicutan'),
('NCR', 'NCR', 'TAGUIG CITY', 'North Daang Hari'),
('NCR', 'NCR', 'TAGUIG CITY', 'North Signal Village'),
('NCR', 'NCR', 'TAGUIG CITY', 'Palingon'),
('NCR', 'NCR', 'TAGUIG CITY', 'Pinagsama'),
('NCR', 'NCR', 'TAGUIG CITY', 'San Miguel'),
('NCR', 'NCR', 'TAGUIG CITY', 'Santa Ana'),
('NCR', 'NCR', 'TAGUIG CITY', 'South Daang Hari'),
('NCR', 'NCR', 'TAGUIG CITY', 'South Signal Village'),
('NCR', 'NCR', 'TAGUIG CITY', 'Tanyag'),
('NCR', 'NCR', 'TAGUIG CITY', 'Tuktukan'),
('NCR', 'NCR', 'TAGUIG CITY', 'Upper Bicutan'),
('NCR', 'NCR', 'TAGUIG CITY', 'Ususan'),
('NCR', 'NCR', 'TAGUIG CITY', 'Wawa'),
('NCR', 'NCR', 'TAGUIG CITY', 'Western Bicutan'),
('NCR', 'NCR', 'VALENZUELA', 'Arkong Bato'),
('NCR', 'NCR', 'VALENZUELA', 'Bagbaguin'),
('NCR', 'NCR', 'VALENZUELA', 'Balangkas'),
('NCR', 'NCR', 'VALENZUELA', 'Bignay'),
('NCR', 'NCR', 'VALENZUELA', 'Bisig'),
('NCR', 'NCR', 'VALENZUELA', 'Canumay'),
('NCR', 'NCR', 'VALENZUELA', 'Coloong'),
('NCR', 'NCR', 'VALENZUELA', 'Dalandanan'),
('NCR', 'NCR', 'VALENZUELA', 'Hen. T. De Leon'),
('NCR', 'NCR', 'VALENZUELA', 'Isla'),
('NCR', 'NCR', 'VALENZUELA', 'Karuhatan'),
('NCR', 'NCR', 'VALENZUELA', 'Lawang Bato'),
('NCR', 'NCR', 'VALENZUELA', 'Lingunan'),
('NCR', 'NCR', 'VALENZUELA', 'Mabolo'),
('NCR', 'NCR', 'VALENZUELA', 'Malanday'),
('NCR', 'NCR', 'VALENZUELA', 'Malinta'),
('NCR', 'NCR', 'VALENZUELA', 'Mapulang Lupa'),
('NCR', 'NCR', 'VALENZUELA', 'Marulas'),
('NCR', 'NCR', 'VALENZUELA', 'Maysan'),
('NCR', 'NCR', 'VALENZUELA', 'Palasan'),
('NCR', 'NCR', 'VALENZUELA', 'Parada'),
('NCR', 'NCR', 'VALENZUELA', 'Pariancillo Villa'),
('NCR', 'NCR', 'VALENZUELA', 'Paso De Blas'),
('NCR', 'NCR', 'VALENZUELA', 'Pasolo'),
('NCR', 'NCR', 'VALENZUELA', 'Poblacion'),
('NCR', 'NCR', 'VALENZUELA', 'Pulo'),
('NCR', 'NCR', 'VALENZUELA', 'Punturin'),
('NCR', 'NCR', 'VALENZUELA', 'Rincon'),
('NCR', 'NCR', 'VALENZUELA', 'Tagalag'),
('NCR', 'NCR', 'VALENZUELA', 'Ugong'),
('NCR', 'NCR', 'VALENZUELA', 'Viente Reales'),
('NCR', 'NCR', 'VALENZUELA', 'Wawang Pulo');

-- --------------------------------------------------------

--
-- Table structure for table `tbl_mails`
--

CREATE TABLE IF NOT EXISTS `tbl_mails` (
  `mail_id` int(11) NOT NULL AUTO_INCREMENT,
  `mail_author_email` varchar(30) NOT NULL,
  `mail_author_name` varchar(30) NOT NULL,
  `mail_subject` varchar(60) DEFAULT NULL,
  `mail_message` varchar(1024) NOT NULL,
  `mail_dtime_add` timestamp NOT NULL DEFAULT CURRENT_TIMESTAMP,
  PRIMARY KEY (`mail_id`)
) ENGINE=MyISAM DEFAULT CHARSET=latin1 AUTO_INCREMENT=1 ;

-- --------------------------------------------------------

--
-- Table structure for table `tbl_properties`
--

CREATE TABLE IF NOT EXISTS `tbl_properties` (
  `prop_id` int(11) NOT NULL AUTO_INCREMENT,
  `prop_owner_id` int(11) NOT NULL,
  `prop_name` varchar(60) DEFAULT NULL,
  `prop_type_id` tinyint(4) NOT NULL,
  `prop_loc_map` varchar(256) DEFAULT NULL,
  `prop_add1` varchar(90) DEFAULT NULL,
  `prop_add2` varchar(90) DEFAULT NULL,
  `prop_brgy` varchar(30) NOT NULL,
  `prop_city_mun` varchar(30) NOT NULL,
  `prop_prov_reg` varchar(30) NOT NULL,
  `prop_availby` datetime NOT NULL,
  `prop_contact` varchar(1024) DEFAULT NULL,
  `prop_publish` tinyint(4) NOT NULL DEFAULT '1',
  `prop_monthly_rent` decimal(6,2) NOT NULL,
  `prop_feat_essential` varchar(1024) NOT NULL,
  `prop_feat_oth` varchar(1024) DEFAULT NULL,
  `prop_lot_area` decimal(6,2) NOT NULL,
  `prop_floor_area` decimal(6,2) NOT NULL,
  `prop_search_tag` varchar(256) DEFAULT NULL,
  `prop_dtime_add` timestamp NOT NULL DEFAULT CURRENT_TIMESTAMP,
  `prop_dtime_mod` timestamp NOT NULL DEFAULT '0000-00-00 00:00:00',
  `prop_mod_by` varchar(30) DEFAULT NULL,
  PRIMARY KEY (`prop_id`)
) ENGINE=MyISAM  DEFAULT CHARSET=latin1 AUTO_INCREMENT=37 ;

--
-- Dumping data for table `tbl_properties`
--

INSERT INTO `tbl_properties` (`prop_id`, `prop_owner_id`, `prop_name`, `prop_type_id`, `prop_loc_map`, `prop_add1`, `prop_add2`, `prop_brgy`, `prop_city_mun`, `prop_prov_reg`, `prop_availby`, `prop_contact`, `prop_publish`, `prop_monthly_rent`, `prop_feat_essential`, `prop_feat_oth`, `prop_lot_area`, `prop_floor_area`, `prop_search_tag`, `prop_dtime_add`, `prop_dtime_mod`, `prop_mod_by`) VALUES
(18, 15, 'Unit 2', 1, '14.554729, 121.02444519999995', NULL, NULL, '', 'Makati City', 'NCR', '1970-01-01 00:00:00', NULL, 1, '0.00', '', NULL, '0.00', '0.00', NULL, '2014-03-06 06:06:16', '0000-00-00 00:00:00', NULL),
(19, 15, 'Unit 2', 1, '', NULL, NULL, '', 'Makati City', 'NCR', '2014-01-31 00:00:00', NULL, 0, '0.00', '', NULL, '0.00', '0.00', NULL, '2014-03-06 06:52:44', '0000-00-00 00:00:00', NULL),
(34, 18, 'my propert', 1, '', NULL, NULL, 'Barangay Mapayapa', 'Taguig City', 'NCR', '2014-03-31 00:00:00', NULL, 1, '9999.99', '', NULL, '0.00', '80.00', NULL, '2014-03-07 16:43:46', '0000-00-00 00:00:00', NULL),
(35, 17, 'my property', 1, '', NULL, NULL, 'Barangay Mapayapa', 'Makati City', '', '2014-03-08 00:00:00', NULL, 1, '9999.99', '', NULL, '0.00', '0.00', NULL, '2014-03-07 16:53:50', '0000-00-00 00:00:00', NULL),
(36, 22, 'Rodel Property', 6, '', NULL, NULL, 'Barangay Mapayapa', 'Taguig City', 'NCR', '2014-03-07 00:00:00', NULL, 1, '1000.00', '', NULL, '20.00', '20.00', NULL, '2014-03-07 17:07:42', '0000-00-00 00:00:00', NULL);

-- --------------------------------------------------------

--
-- Table structure for table `tbl_property_amenities`
--

CREATE TABLE IF NOT EXISTS `tbl_property_amenities` (
  `	prop_amenity_id` int(11) NOT NULL AUTO_INCREMENT,
  `prop_id` int(11) NOT NULL,
  `amenity_id` int(11) NOT NULL,
  PRIMARY KEY (`	prop_amenity_id`)
) ENGINE=MyISAM  DEFAULT CHARSET=utf8 COLLATE=utf8_unicode_ci AUTO_INCREMENT=58 ;

--
-- Dumping data for table `tbl_property_amenities`
--

INSERT INTO `tbl_property_amenities` (`	prop_amenity_id`, `prop_id`, `amenity_id`) VALUES
(15, 8, 3),
(14, 8, 2),
(3, 9, 1),
(4, 9, 8),
(5, 10, 1),
(6, 10, 8),
(13, 8, 1),
(16, 8, 4),
(17, 8, 8),
(52, 12, 8),
(51, 12, 7),
(50, 12, 6),
(49, 12, 5),
(48, 12, 4),
(47, 12, 3),
(46, 12, 1),
(55, 13, 7),
(54, 13, 4),
(53, 13, 1),
(56, 34, 5),
(57, 36, 3);

-- --------------------------------------------------------

--
-- Table structure for table `tbl_property_comments`
--

CREATE TABLE IF NOT EXISTS `tbl_property_comments` (
  `comment_id` int(11) NOT NULL AUTO_INCREMENT,
  `comment_prop_id` int(11) NOT NULL,
  `comment_username` varchar(30) NOT NULL,
  `comment_text` varchar(1024) NOT NULL,
  `comment_publish` tinyint(4) NOT NULL DEFAULT '0',
  `comment_dtime_add` timestamp NOT NULL DEFAULT CURRENT_TIMESTAMP,
  `comment_dtime_mod` timestamp NOT NULL DEFAULT '0000-00-00 00:00:00',
  `comment_mod_by` varchar(30) DEFAULT NULL,
  PRIMARY KEY (`comment_id`)
) ENGINE=MyISAM  DEFAULT CHARSET=latin1 AUTO_INCREMENT=3 ;

--
-- Dumping data for table `tbl_property_comments`
--

INSERT INTO `tbl_property_comments` (`comment_id`, `comment_prop_id`, `comment_username`, `comment_text`, `comment_publish`, `comment_dtime_add`, `comment_dtime_mod`, `comment_mod_by`) VALUES
(1, 36, 'user_tenant', 'fadsfa', 1, '2014-03-07 18:50:54', '0000-00-00 00:00:00', NULL);

-- --------------------------------------------------------

--
-- Table structure for table `tbl_property_inquiries`
--

CREATE TABLE IF NOT EXISTS `tbl_property_inquiries` (
  `response_id` int(11) NOT NULL AUTO_INCREMENT,
  `response_dtime_add` timestamp NOT NULL DEFAULT CURRENT_TIMESTAMP,
  `response_text` varchar(1024) NOT NULL,
  `datetime_dtime_mod` timestamp NOT NULL DEFAULT '0000-00-00 00:00:00',
  `response_username` varchar(30) NOT NULL,
  `response_prop_id` int(11) NOT NULL,
  `response_inq_id` int(11) DEFAULT NULL,
  `response_inq_username` varchar(30) DEFAULT NULL,
  `response_inq_dtime_add` timestamp NOT NULL DEFAULT '0000-00-00 00:00:00',
  PRIMARY KEY (`response_id`)
) ENGINE=MyISAM  DEFAULT CHARSET=latin1 AUTO_INCREMENT=5 ;

--
-- Dumping data for table `tbl_property_inquiries`
--

INSERT INTO `tbl_property_inquiries` (`response_id`, `response_dtime_add`, `response_text`, `datetime_dtime_mod`, `response_username`, `response_prop_id`, `response_inq_id`, `response_inq_username`, `response_inq_dtime_add`) VALUES
(1, '2014-03-06 11:43:23', '', '0000-00-00 00:00:00', '', 0, NULL, '', '2014-03-05 15:00:00'),
(2, '2014-03-06 11:45:06', '', '0000-00-00 00:00:00', '', 0, NULL, '', '2014-03-05 15:00:00'),
(3, '2014-03-07 06:09:13', '', '0000-00-00 00:00:00', '', 0, NULL, '', '2014-03-06 15:00:00'),
(4, '2014-03-07 18:56:58', '', '0000-00-00 00:00:00', '', 0, NULL, '', '2014-03-07 00:00:00');

-- --------------------------------------------------------

--
-- Table structure for table `tbl_property_likes`
--

CREATE TABLE IF NOT EXISTS `tbl_property_likes` (
  `like_user_id` varchar(30) NOT NULL,
  `like_prop_id` int(11) NOT NULL,
  `like_dtime_add` timestamp NOT NULL DEFAULT CURRENT_TIMESTAMP,
  PRIMARY KEY (`like_user_id`,`like_prop_id`)
) ENGINE=MyISAM DEFAULT CHARSET=latin1;

--
-- Dumping data for table `tbl_property_likes`
--

INSERT INTO `tbl_property_likes` (`like_user_id`, `like_prop_id`, `like_dtime_add`) VALUES
('20', 18, '2014-03-07 06:00:14'),
('20', 19, '2014-03-07 06:22:26');

-- --------------------------------------------------------

--
-- Table structure for table `tbl_property_pics`
--

CREATE TABLE IF NOT EXISTS `tbl_property_pics` (
  `prop_pic_id` int(11) NOT NULL AUTO_INCREMENT,
  `prop_id` int(11) NOT NULL,
  `prop_pic_filepath` varchar(1024) NOT NULL,
  `prop_caption` varchar(120) DEFAULT NULL,
  `prop_show` tinyint(4) NOT NULL DEFAULT '1',
  `prop_pic_primary` tinyint(4) NOT NULL DEFAULT '0',
  `prop_pic_dtime_add` timestamp NOT NULL DEFAULT CURRENT_TIMESTAMP,
  `prop_pic_add_by` varchar(30) NOT NULL,
  `prop_pic_dtime_mod` timestamp NOT NULL DEFAULT '0000-00-00 00:00:00',
  `prop_pic_mod_by` varchar(30) DEFAULT NULL,
  PRIMARY KEY (`prop_pic_id`)
) ENGINE=MyISAM  DEFAULT CHARSET=latin1 AUTO_INCREMENT=23 ;

--
-- Dumping data for table `tbl_property_pics`
--

INSERT INTO `tbl_property_pics` (`prop_pic_id`, `prop_id`, `prop_pic_filepath`, `prop_caption`, `prop_show`, `prop_pic_primary`, `prop_pic_dtime_add`, `prop_pic_add_by`, `prop_pic_dtime_mod`, `prop_pic_mod_by`) VALUES
(22, 19, 'uploads/image57.jpg', '', 1, 0, '2014-03-06 07:24:40', '15', '0000-00-00 00:00:00', NULL),
(21, 19, 'uploads/image43.jpg', '', 1, 0, '2014-03-06 07:24:40', '15', '0000-00-00 00:00:00', NULL),
(20, 19, 'uploads/image33.jpg', '', 1, 0, '2014-03-06 07:24:40', '15', '0000-00-00 00:00:00', NULL),
(19, 19, 'uploads/image23.jpg', '', 1, 0, '2014-03-06 07:24:40', '15', '0000-00-00 00:00:00', NULL),
(18, 19, 'uploads/image16.jpg', '', 1, 1, '2014-03-06 07:24:40', '15', '0000-00-00 00:00:00', NULL),
(17, 18, 'uploads/image22.jpg', '', 1, 1, '2014-03-06 07:23:55', '15', '0000-00-00 00:00:00', NULL);

-- --------------------------------------------------------

--
-- Table structure for table `tbl_property_type`
--

CREATE TABLE IF NOT EXISTS `tbl_property_type` (
  `prop_type_id` int(11) NOT NULL AUTO_INCREMENT,
  `prop_type` text COLLATE utf8_unicode_ci NOT NULL,
  PRIMARY KEY (`prop_type_id`)
) ENGINE=MyISAM  DEFAULT CHARSET=utf8 COLLATE=utf8_unicode_ci AUTO_INCREMENT=9 ;

--
-- Dumping data for table `tbl_property_type`
--

INSERT INTO `tbl_property_type` (`prop_type_id`, `prop_type`) VALUES
(1, 'Apartment'),
(2, 'House'),
(3, 'Room Only'),
(4, 'Townhouse'),
(5, 'Condominium'),
(6, 'Mansion'),
(7, 'Dormitory'),
(8, 'Boarding House');

-- --------------------------------------------------------

--
-- Table structure for table `tbl_saved_searches`
--

CREATE TABLE IF NOT EXISTS `tbl_saved_searches` (
  `srch_username` varchar(30) NOT NULL,
  `srch_name` varchar(30) NOT NULL,
  `srch_prov_reg` varchar(30) DEFAULT NULL,
  `srch_city_mun` varchar(30) DEFAULT NULL,
  `srch_bgy` varchar(30) DEFAULT NULL,
  `srch_prop_type` tinyint(4) DEFAULT NULL,
  `srch_rent_min` decimal(6,2) DEFAULT NULL,
  `srch_rent_max` decimal(6,2) DEFAULT NULL,
  `srch_lot_area_min` decimal(6,2) DEFAULT NULL,
  `srch_lot_area_max` decimal(6,2) DEFAULT NULL,
  `srch_flr_area_min` decimal(6,2) DEFAULT NULL,
  `srch_flr_area_max` decimal(6,2) DEFAULT NULL,
  `srch_features` varchar(1024) DEFAULT NULL,
  PRIMARY KEY (`srch_username`,`srch_name`)
) ENGINE=MyISAM DEFAULT CHARSET=latin1;

-- --------------------------------------------------------

--
-- Table structure for table `tbl_shortlists`
--

CREATE TABLE IF NOT EXISTS `tbl_shortlists` (
  `shortl_user_id` varchar(30) NOT NULL,
  `shortl_prop_id` int(11) NOT NULL,
  `shortl_dtime_add` timestamp NOT NULL DEFAULT CURRENT_TIMESTAMP,
  `shortl_dtime_mod` timestamp NOT NULL DEFAULT '0000-00-00 00:00:00',
  `shortl_priority` smallint(6) DEFAULT NULL,
  PRIMARY KEY (`shortl_user_id`,`shortl_prop_id`)
) ENGINE=MyISAM DEFAULT CHARSET=latin1;

--
-- Dumping data for table `tbl_shortlists`
--

INSERT INTO `tbl_shortlists` (`shortl_user_id`, `shortl_prop_id`, `shortl_dtime_add`, `shortl_dtime_mod`, `shortl_priority`) VALUES
('20', 18, '2014-03-07 06:08:29', '0000-00-00 00:00:00', NULL),
('21', 18, '2014-03-07 16:50:05', '0000-00-00 00:00:00', NULL),
('16', 34, '2014-03-07 17:41:58', '0000-00-00 00:00:00', NULL);

-- --------------------------------------------------------

--
-- Table structure for table `tbl_users`
--

CREATE TABLE IF NOT EXISTS `tbl_users` (
  `id` int(11) NOT NULL AUTO_INCREMENT,
  `user_username` varchar(30) NOT NULL,
  `user_email_addr` varchar(30) NOT NULL,
  `user_first_name` varchar(30) NOT NULL,
  `user_middle_name` varchar(30) DEFAULT NULL,
  `user_last_name` varchar(30) NOT NULL,
  `user_persona` tinyint(4) NOT NULL,
  `user_affiliation` varchar(256) DEFAULT NULL,
  `user_password` varchar(45) NOT NULL,
  `user_dtime_last_pwd` timestamp NOT NULL DEFAULT '0000-00-00 00:00:00',
  `user_dtime_add` timestamp NOT NULL DEFAULT CURRENT_TIMESTAMP,
  `user_dtime_mod` timestamp NOT NULL DEFAULT '0000-00-00 00:00:00',
  `user_mod_by` varchar(30) DEFAULT NULL,
  `rs` varchar(60) NOT NULL,
  PRIMARY KEY (`id`)
) ENGINE=MyISAM  DEFAULT CHARSET=latin1 AUTO_INCREMENT=23 ;

--
-- Dumping data for table `tbl_users`
--

INSERT INTO `tbl_users` (`id`, `user_username`, `user_email_addr`, `user_first_name`, `user_middle_name`, `user_last_name`, `user_persona`, `user_affiliation`, `user_password`, `user_dtime_last_pwd`, `user_dtime_add`, `user_dtime_mod`, `user_mod_by`, `rs`) VALUES
(18, 'user03001', 'mcd@fgh.com', 'Maria', 'Clara', 'Del Barrio', 3, 'ONE REALTY', '29aecb31ed16071b96ed376b1fbff211c0aff2c8', '0000-00-00 00:00:00', '2014-03-02 10:29:01', '0000-00-00 00:00:00', NULL, ''),
(16, 'user01001', 'jdc@abc.com', 'Juan', '', 'Dela Cruz', 1, '', 'af915f28012a675ae481c67a97cd11e5ccf0cb58', '0000-00-00 00:00:00', '2014-03-02 10:27:23', '0000-00-00 00:00:00', NULL, ''),
(15, 'kiara', 'kiararina@yahoo.com', 'kiara', 'kiara', 'kiara', 2, '', '5ae955fb17babdbb07a3c3ff012dd7c8850af77f', '0000-00-00 00:00:00', '2014-03-02 08:18:52', '0000-00-00 00:00:00', NULL, ''),
(14, 'maniel', 'emmanuel.santos@upou.edu.ph', 'Manny', 'L', 'Santos', 3, 'UPOU', '3eb9386151f6ab39d27c2434f5609026d90c9e75', '0000-00-00 00:00:00', '2014-02-27 14:58:04', '0000-00-00 00:00:00', NULL, ''),
(17, 'user02001', 'pp@def.com', 'Pablo', '', 'Picazzo', 2, '', 'd76f8d8dc3916d3f83aad324efe48aa792220348', '0000-00-00 00:00:00', '2014-03-02 10:28:00', '0000-00-00 00:00:00', NULL, ''),
(19, 'rina', 'kiara@yahoo.com', 'rina', 'rina', 'rina', 2, '', '70e21878d268fa8f82817f9278f8bae0fb108950', '2014-03-05 21:07:06', '2014-03-06 05:07:12', '0000-00-00 00:00:00', NULL, ''),
(20, 'jake', 'jake@yahoo.com', 'jake', 'jake', 'jake', 1, '', 'c8d99c2f7cd5f432c163abcd422672b9f77550bb', '2014-03-06 20:43:07', '2014-03-07 04:43:50', '0000-00-00 00:00:00', NULL, ''),
(21, 'user_tenant', 'carlotasantos07@yahoo.com', 'rodel', 'maleon ', 'gambo', 1, '', '2ea6201a068c5fa0eea5d81a3863321a87f8d533', '2014-03-07 16:47:07', '2014-03-07 16:47:05', '0000-00-00 00:00:00', NULL, ''),
(22, 'user_agent', 'rodelgambo@hotmail.com', 'ruel', 'maleon ', 'gambo', 2, '', '2ea6201a068c5fa0eea5d81a3863321a87f8d533', '2014-03-07 16:51:07', '2014-03-07 16:51:12', '0000-00-00 00:00:00', NULL, '');

-- --------------------------------------------------------

--
-- Table structure for table `view_cities`
--

CREATE TABLE IF NOT EXISTS `view_cities` (
  `bgy_province` varchar(30) COLLATE utf8_unicode_ci DEFAULT NULL,
  `bgy_city_mun` varchar(30) COLLATE utf8_unicode_ci DEFAULT NULL
) ENGINE=MyISAM DEFAULT CHARSET=utf8 COLLATE=utf8_unicode_ci;

-- --------------------------------------------------------

--
-- Table structure for table `view_provinces`
--

CREATE TABLE IF NOT EXISTS `view_provinces` (
  `bgy_province` varchar(30) COLLATE utf8_unicode_ci DEFAULT NULL
) ENGINE=MyISAM DEFAULT CHARSET=utf8 COLLATE=utf8_unicode_ci;

/*!40101 SET CHARACTER_SET_CLIENT=@OLD_CHARACTER_SET_CLIENT */;
/*!40101 SET CHARACTER_SET_RESULTS=@OLD_CHARACTER_SET_RESULTS */;
/*!40101 SET COLLATION_CONNECTION=@OLD_COLLATION_CONNECTION */;
